time,A,B
0.000000000000000000e+00,"(1.0, 1.0)","(1.0, 1.0)"
1.000000000000000056e-01,"(1.6251, 1.7977)","(3.7995, 4.5818)"
2.000000000000000111e-01,"(3.3222, 3.786)","(14.7797, 17.8994)"
3.000000000000000444e-01,"(7.3892, 8.4943)","(28.1752, 30.1548)"
4.000000000000000222e-01,"(14.6653, 16.4971)","(17.0796, 5.6925)"
5.000000000000000000e-01,"(14.8889, 14.3632)","(17.1408, 1.5651)"
6.000000000000000888e-01,"(7.0061, 4.3755)","(19.1727, 0.4311)"
7.000000000000000666e-01,"(2.7852, 0.9552)","(15.8916, -0.3712)"
8.000000000000000444e-01,"(2.548, 0.2627)","(12.5422, -0.3452)"
9.000000000000000222e-01,"(4.3515, 0.2642)","(13.815, 0.1757)"
1.000000000000000000e+00,"(8.683, 0.552)","(18.6542, 0.5572)"
1.100000000000000089e+00,"(17.2113, 1.0504)","(20.1398, 0.1076)"
1.200000000000000178e+00,"(22.6755, 0.5395)","(14.5932, -0.657)"
1.300000000000000044e+00,"(12.2826, -1.3755)","(11.2243, -0.3318)"
1.400000000000000133e+00,"(4.3593, -1.1555)","(13.9179, 0.3368)"
1.500000000000000000e+00,"(1.151, -0.4195)","(20.3871, 0.7412)"
1.600000000000000089e+00,"(0.296, -0.1712)","(20.5513, -0.0812)"
1.700000000000000178e+00,"(0.3272, -0.2742)","(12.7631, -0.9056)"
1.800000000000000044e+00,"(0.7134, -0.6168)","(9.6289, -0.2841)"
1.900000000000000133e+00,"(1.774, -1.5227)","(13.7444, 0.5)"
2.000000000000000000e+00,"(4.6837, -3.9971)","(22.3255, 0.9893)"
2.100000000000000089e+00,"(12.1417, -10.3979)","(21.1618, -0.2916)"
2.200000000000000178e+00,"(20.9588, -19.0506)","(10.8819, -1.2118)"
2.300000000000000266e+00,"(8.5908, -11.546)","(7.3549, -0.2968)"
2.400000000000000355e+00,"(1.9178, -6.0021)","(11.9761, 0.56)"
2.500000000000000000e+00,"(0.5361, -5.9465)","(23.2807, 1.343)"
2.600000000000000089e+00,"(0.396, -8.5029)","(24.175, -0.1456)"
2.700000000000000178e+00,"(0.589, -13.1854)","(10.19, -1.8096)"
2.800000000000000266e+00,"(0.5281, -17.772)","(3.9797, -0.5713)"
2.900000000000000355e+00,"(-0.3312, -15.4065)","(5.5169, 0.225)"
3.000000000000000000e+00,"(-0.743, -9.173)","(14.1633, 1.0739)"
3.100000000000000089e+00,"(-0.3389, -5.9906)","(31.6445, 2.0443)"
3.200000000000000178e+00,"(0.0728, -6.5152)","(19.444, -2.0336)"
3.300000000000000266e+00,"(0.4162, -9.9609)","(6.8783, -3.157)"
3.400000000000000355e+00,"(0.691, -15.7091)","(4.7409, -3.7571)"
3.500000000000000000e+00,"(0.2803, -18.5122)","(9.345, -8.0656)"
3.600000000000000089e+00,"(-0.7279, -12.7169)","(20.3738, -17.8435)"
3.700000000000000178e+00,"(-0.6781, -6.8954)","(16.2022, -17.3467)"
3.800000000000000266e+00,"(-0.1715, -5.1165)","(3.9836, -7.5758)"
3.900000000000000355e+00,"(0.1992, -6.7729)","(0.7559, -2.7769)"
4.000000000000000000e+00,"(0.5544, -11.3158)","(0.3384, -3.6744)"
4.100000000000000533e+00,"(0.771, -17.8105)","(0.8267, -9.919)"
4.200000000000000178e+00,"(-0.0365, -18.1605)","(2.2653, -28.1359)"
4.299999999999999822e+00,"(-0.9568, -10.4195)","(-0.7009, -28.2407)"
4.400000000000000355e+00,"(-0.5815, -5.2756)","(-4.6963, -10.2505)"
4.500000000000000000e+00,"(-0.0748, -4.3549)","(-6.0361, -7.5416)"
4.600000000000000533e+00,"(0.2623, -6.5496)","(-10.9938, -12.4535)"
4.700000000000000178e+00,"(0.6406, -11.7563)","(-17.457, -18.9226)"
4.800000000000000711e+00,"(0.8689, -19.1015)","(-13.0563, -11.4167)"
4.900000000000000355e+00,"(-0.1948, -18.3117)","(-6.0463, -4.4172)"
5.000000000000000000e+00,"(-1.1287, -9.3293)","(-4.1601, -4.0673)"
5.100000000000000533e+00,"(-0.5902, -4.1246)","(-7.9879, -9.0517)"
5.200000000000000178e+00,"(-0.076, -3.1191)","(-17.3501, -19.7545)"
5.300000000000000711e+00,"(0.2153, -4.93)","(-17.4791, -16.5682)"
5.400000000000000355e+00,"(0.5736, -9.5512)","(-7.6896, -4.2938)"
5.500000000000000000e+00,"(1.0228, -17.9478)","(-2.3664, -0.8383)"
5.600000000000000533e+00,"(0.3069, -21.4978)","(-1.8629, -0.2196)"
5.700000000000000178e+00,"(-1.328, -11.2908)","(-4.8594, -0.4148)"
5.800000000000000711e+00,"(-0.9577, -4.1516)","(-15.8011, -1.4101)"
5.900000000000000355e+00,"(-0.2553, -1.3788)","(-38.8489, -2.6172)"
6.000000000000000000e+00,"(0.0058, -1.2442)","(-16.6678, 4.1961)"
6.100000000000000533e+00,"(0.145, -2.451)","(-9.5486, 6.5596)"
6.200000000000000178e+00,"(0.3884, -5.5282)","(-11.564, 10.1923)"
6.300000000000000711e+00,"(0.9347, -12.9563)","(-16.244, 15.0587)"
6.400000000000000355e+00,"(1.3506, -24.5144)","(-13.0555, 13.7207)"
6.500000000000000000e+00,"(-0.9999, -18.212)","(-6.9608, 8.2601)"
6.600000000000000533e+00,"(-2.0422, -6.4711)","(-6.4577, 6.5981)"
6.700000000000000178e+00,"(-1.8, -2.7539)","(-11.1852, 10.1897)"
6.800000000000000711e+00,"(-2.7935, -3.2013)","(-18.0135, 16.5276)"
6.900000000000000355e+00,"(-4.9267, -5.5199)","(-13.0538, 14.1611)"
7.000000000000000000e+00,"(-9.2153, -10.3528)","(-5.3752, 7.1016)"
7.100000000000000533e+00,"(-14.2908, -15.4508)","(-4.432, 4.655)"
7.200000000000000178e+00,"(-11.8428, -10.8498)","(-9.0325, 8.0679)"
7.300000000000000711e+00,"(-5.794, -4.1492)","(-18.8172, 16.6282)"
7.400000000000000355e+00,"(-2.3098, -1.678)","(-16.6982, 17.3267)"
7.500000000000000000e+00,"(-1.6615, -1.6272)","(-4.8599, 7.8506)"
7.600000000000000533e+00,"(-2.7293, -3.0233)","(-1.273, 2.237)"
7.700000000000000178e+00,"(-5.572, -6.343)","(-1.2541, 1.2325)"
7.800000000000000711e+00,"(-11.4258, -12.9635)","(-3.8549, 3.2842)"
7.900000000000000355e+00,"(-16.0551, -16.9089)","(-12.5456, 10.5081)"
8.000000000000000000e+00,"(-9.7726, -7.6989)","(-29.1021, 25.5574)"
8.099999999999999645e+00,"(-3.9084, -2.1085)","(-8.51, 14.4486)"
8.200000000000001066e+00,"(-1.3322, -0.4177)","(-2.0329, 10.9763)"
8.300000000000000711e+00,"(-1.358, -0.1301)","(-0.9626, 15.0431)"
8.400000000000000355e+00,"(-2.6006, -0.1722)","(-0.9085, 22.3695)"
8.500000000000000000e+00,"(-5.7711, -0.4047)","(0.4521, 19.4539)"
8.599999999999999645e+00,"(-13.3461, -0.9526)","(1.0041, 10.6321)"
8.700000000000001066e+00,"(-24.558, -1.3005)","(0.1465, 8.6081)"
8.800000000000000711e+00,"(-17.5931, 1.0682)","(-0.6804, 14.2783)"
8.900000000000000355e+00,"(-6.2384, 1.9641)","(-1.1737, 24.4967)"
9.000000000000000000e+00,"(-2.5821, 1.6704)","(0.6802, 20.4586)"
9.099999999999999645e+00,"(-2.9885, 2.6006)","(1.3949, 8.9426)"
9.200000000000001066e+00,"(-5.2154, 4.6457)","(0.2608, 5.4455)"
9.300000000000000711e+00,"(-9.9928, 8.8674)","(-0.5538, 10.0269)"
9.400000000000000355e+00,"(-15.5848, 14.3107)","(-1.5534, 22.7708)"
9.500000000000000000e+00,"(-11.4367, 12.3369)","(-0.298, 28.0016)"
9.600000000000001421e+00,"(-4.2675, 6.0299)","(2.4953, 10.774)"
9.700000000000001066e+00,"(-1.5387, 2.2626)","(1.2982, 3.0732)"
9.800000000000000711e+00,"(-1.2119, 1.296)","(0.9342, 1.2808)"
9.900000000000000355e+00,"(-2.2273, 2.022)","(2.3084, 2.7409)"
1.000000000000000000e+01,"(-4.7516, 4.1675)","(7.3408, 8.7766)"
1.010000000000000142e+01,"(-10.4254, 9.0989)","(21.9895, 25.8756)"
1.020000000000000107e+01,"(-17.6279, 16.0091)","(17.9696, 14.6348)"
1.030000000000000071e+01,"(-11.1349, 12.5918)","(11.9695, 3.082)"
1.040000000000000036e+01,"(-3.1123, 5.4911)","(13.9705, 1.06)"
1.050000000000000000e+01,"(-0.6451, 2.1676)","(20.7344, 0.9086)"
1.060000000000000142e+01,"(-0.2083, 2.3343)","(20.7273, -0.0886)"
1.070000000000000107e+01,"(-0.2619, 4.2208)","(12.3903, -0.9689)"
1.080000000000000071e+01,"(-0.5774, 8.7651)","(9.1326, -0.2921)"
1.090000000000000036e+01,"(-1.1161, 17.8316)","(13.3854, 0.5167)"
1.100000000000000000e+01,"(-0.5012, 23.1379)","(22.6038, 1.07)"
1.110000000000000142e+01,"(1.5271, 11.7273)","(21.7437, -0.2754)"
1.120000000000000107e+01,"(1.2375, 3.9752)","(10.6616, -1.3271)"
1.130000000000000071e+01,"(0.6645, 1.1989)","(6.5914, -0.3464)"
1.140000000000000036e+01,"(0.965, 1.1521)","(10.7953, 0.5125)"
1.150000000000000000e+01,"(1.9186, 2.1894)","(22.4436, 1.4025)"
1.160000000000000142e+01,"(4.2499, 4.8913)","(26.2696, 0.1861)"
1.170000000000000107e+01,"(9.6911, 11.1579)","(10.9159, -2.0633)"
1.180000000000000071e+01,"(16.9084, 18.5498)","(3.4547, -0.814)"
1.190000000000000036e+01,"(11.9898, 10.07)","(2.8213, 0.0315)"
1.200000000000000000e+01,"(5.1544, 2.5306)","(7.561, 0.5816)"
1.210000000000000142e+01,"(2.8498, 0.5432)","(22.1933, 1.8445)"
1.220000000000000107e+01,"(3.9652, 0.2627)","(34.6697, 1.0262)"
1.230000000000000071e+01,"(7.1614, 0.4208)","(12.3821, -4.3316)"
1.240000000000000036e+01,"(13.8531, 0.8351)","(7.0837, -5.1654)"
1.250000000000000000e+01,"(21.5899, 0.883)","(10.3937, -9.0934)"
1.260000000000000142e+01,"(16.2025, -0.7648)","(18.0251, -16.2267)"
1.270000000000000107e+01,"(6.7683, -1.2515)","(14.8237, -15.5765)"
1.280000000000000071e+01,"(2.3735, -0.4883)","(5.4916, -7.6256)"
1.290000000000000036e+01,"(1.4617, -0.0577)","(3.2759, -3.7608)"
1.300000000000000000e+01,"(2.5041, 0.1226)","(6.5063, -5.8556)"
1.310000000000000142e+01,"(5.3451, 0.3557)","(15.6709, -13.5923)"
1.320000000000000107e+01,"(12.0861, 0.8477)","(21.9982, -20.7785)"
1.330000000000000071e+01,"(23.0959, 1.3042)","(6.8962, -10.5829)"
1.340000000000000036e+01,"(19.4323, -0.6577)","(1.4734, -3.9378)"
1.350000000000000000e+01,"(7.229, -1.8888)","(0.3604, -2.8968)"
1.360000000000000142e+01,"(2.5018, -1.3688)","(0.5578, -6.8169)"
1.370000000000000107e+01,"(2.2835, -1.9187)","(1.6807, -19.9886)"
1.380000000000000071e+01,"(3.8805, -3.4446)","(1.5843, -36.1503)"
1.390000000000000036e+01,"(7.7248, -6.8116)","(-4.1349, -13.5034)"
1.400000000000000000e+01,"(14.3187, -12.7944)","(-5.0493, -7.2337)"
1.410000000000000142e+01,"(14.9258, -14.8077)","(-8.6314, -9.901)"
1.420000000000000107e+01,"(6.0988, -8.1348)","(-15.5845, -17.3734)"
1.430000000000000071e+01,"(1.8236, -3.1013)","(-16.1685, -15.76)"
1.440000000000000036e+01,"(0.5196, -0.8578)","(-8.2336, -6.0498)"
1.450000000000000000e+01,"(0.4219, -0.4415)","(-3.9519, -3.3546)"
1.460000000000000142e+01,"(0.9072, -0.807)","(-5.6723, -6.2462)"
1.470000000000000107e+01,"(2.1267, -1.8423)","(-12.9611, -14.923)"
1.480000000000000071e+01,"(5.31, -4.5598)","(-20.7639, -22.2304)"
1.490000000000000036e+01,"(12.925, -11.1488)","(-11.0641, -7.5652)"
1.500000000000000000e+01,"(19.8798, -18.397)","(-4.0848, -1.6741)"
1.510000000000000142e+01,"(7.7565, -10.6318)","(-2.2646, -0.3439)"
1.520000000000000107e+01,"(1.7418, -5.1145)","(-4.9855, -0.4152)"
1.530000000000000071e+01,"(0.4752, -4.8226)","(-15.0427, -1.2977)"
1.540000000000000036e+01,"(0.3723, -7.2322)","(-36.5907, -2.4883)"
1.550000000000000000e+01,"(0.6244, -12.166)","(-17.404, 3.397)"
1.560000000000000142e+01,"(0.7411, -18.4512)","(-8.5247, 5.3766)"
1.570000000000000107e+01,"(-0.2174, -17.2754)","(-9.712, 8.3921)"
1.580000000000000071e+01,"(-0.9565, -9.4844)","(-16.0433, 14.4491)"
1.590000000000000036e+01,"(-0.4966, -4.9615)","(-16.1349, 16.1354)"
1.600000000000000000e+01,"(-0.0228, -4.554)","(-7.3152, 9.221)"
1.610000000000000142e+01,"(0.3107, -7.1416)","(-4.4079, 5.057)"
1.619999999999999929e+01,"(0.6982, -12.8201)","(-7.3894, 6.799)"
1.630000000000000071e+01,"(0.811, -19.8037)","(-15.7148, 13.856)"
1.640000000000000213e+01,"(-0.4281, -17.0239)","(-19.6893, 18.9388)"
1.650000000000000000e+01,"(-1.0954, -8.2848)","(-7.2043, 10.0609)"
1.660000000000000142e+01,"(-0.4866, -3.7912)","(-2.1556, 3.5037)"
1.669999999999999929e+01,"(-0.0239, -3.3322)","(-2.0034, 2.0156)"
1.680000000000000071e+01,"(0.2653, -5.5472)","(-5.5787, 4.8036)"
1.690000000000000213e+01,"(0.6532, -10.8045)","(-16.2834, 13.8)"
1.700000000000000000e+01,"(1.0359, -19.4257)","(-25.5652, 23.833)"
1.710000000000000142e+01,"(-0.0424, -20.1754)","(-6.0754, 11.8743)"
1.719999999999999929e+01,"(-1.3718, -9.6364)","(-1.4101, 8.176)"
1.730000000000000071e+01,"(-0.7946, -3.4576)","(-0.8818, 12.7406)"
1.740000000000000213e+01,"(-0.1756, -1.3153)","(-1.3384, 23.5438)"
1.750000000000000000e+01,"(0.0429, -1.6101)","(0.2663, 23.2141)"
1.760000000000000142e+01,"(0.2052, -3.2842)","(1.6824, 9.9436)"
1.769999999999999929e+01,"(0.5272, -7.4568)","(0.4827, 4.4184)"
1.780000000000000071e+01,"(1.1611, -16.7882)","(-0.3181, 6.8733)"
1.790000000000000213e+01,"(0.8886, -25.2954)","(-1.2611, 17.0519)"
1.800000000000000000e+01,"(-1.6948, -13.1031)","(-1.646, 32.099)"
1.810000000000000142e+01,"(-1.7653, -4.4906)","(2.4705, 15.6956)"
1.819999999999999929e+01,"(-1.7793, -2.3995)","(2.4796, 5.3384)"
1.830000000000000071e+01,"(-2.9527, -3.3376)","(2.8674, 3.6216)"
1.840000000000000213e+01,"(-5.4565, -6.1436)","(6.6065, 7.7162)"
1.850000000000000000e+01,"(-10.3883, -11.684)","(16.6892, 19.3963)"
1.860000000000000142e+01,"(-14.9579, -15.9038)","(20.1448, 19.9222)"
1.869999999999999929e+01,"(-10.5962, -9.1171)","(9.322, 4.5427)"
1.880000000000000071e+01,"(-4.73, -3.1638)","(5.4478, 0.9812)"
1.890000000000000213e+01,"(-1.6884, -1.1853)","(9.243, 0.7033)"
1.900000000000000000e+01,"(-1.2168, -1.2051)","(21.2947, 1.5303)"
1.910000000000000142e+01,"(-2.1222, -2.3697)","(29.8197, 0.7287)"
1.920000000000000284e+01,"(-4.5365, -5.1953)","(11.9138, -2.6144)"
1.930000000000000071e+01,"(-10.0104, -11.4773)","(3.6425, -1.6698)"
1.940000000000000213e+01,"(-16.6448, -18.1144)","(2.2188, -1.7317)"
1.950000000000000000e+01,"(-11.5223, -9.6126)","(5.0881, -4.3154)"
1.960000000000000142e+01,"(-4.8676, -2.5031)","(15.1121, -12.7541)"
1.970000000000000284e+01,"(-2.2991, -0.5163)","(27.0127, -24.6448)"
1.980000000000000071e+01,"(-3.0419, -0.2221)","(6.7414, -12.6629)"
1.990000000000000213e+01,"(-5.6159, -0.3429)","(1.5808, -8.9486)"
2.000000000000000000e+01,"(-11.4785, -0.7386)","(0.9087, -13.4102)"
2.010000000000000142e+01,"(-20.8543, -1.1193)","(1.2267, -23.3264)"
2.020000000000000284e+01,"(-19.7356, 0.2924)","(-0.3402, -22.0698)"
2.030000000000000071e+01,"(-8.4566, 1.5259)","(-1.4696, -10.0486)"
2.040000000000000213e+01,"(-2.692, 0.8267)","(-0.3782, -5.5447)"
2.050000000000000000e+01,"(-0.647, 0.2759)","(0.4577, -9.2723)"
2.060000000000000142e+01,"(-0.2842, 0.2096)","(1.4348, -21.0127)"
2.070000000000000284e+01,"(-0.4988, 0.4299)","(0.6932, -29.0882)"
2.080000000000000071e+01,"(-1.1654, 1.0054)","(-2.4016, -12.0915)"
2.090000000000000213e+01,"(-2.9785, 2.55)","(-1.3611, -3.5722)"
2.100000000000000000e+01,"(-7.8639, 6.7143)","(-0.5915, -0.9536)"
2.110000000000000142e+01,"(-17.9608, 15.6475)","(-1.1995, -1.4409)"
2.120000000000000284e+01,"(-16.0448, 16.6309)","(-3.7873, -4.5326)"
2.130000000000000071e+01,"(-3.9039, 7.7989)","(-13.2293, -15.8998)"
2.140000000000000213e+01,"(-0.9117, 5.3112)","(-27.2667, -29.936)"
2.150000000000000000e+01,"(-0.3867, 6.8591)","(-14.9095, -6.265)"
2.160000000000000142e+01,"(-0.4854, 10.5162)","(-13.6619, -1.6591)"
2.170000000000000284e+01,"(-0.6626, 15.9754)","(-18.5192, -0.8665)"
2.180000000000000071e+01,"(-0.1756, 17.8723)","(-20.5196, -0.2151)"
2.190000000000000213e+01,"(0.7097, 12.1398)","(-14.7133, 0.6882)"
2.200000000000000000e+01,"(0.5962, 6.9387)","(-10.8526, 0.3846)"
2.210000000000000142e+01,"(0.123, 5.6357)","(-13.3472, -0.3172)"
2.220000000000000284e+01,"(-0.2403, 7.6385)","(-20.2654, -0.7999)"
2.230000000000000071e+01,"(-0.5844, 12.4416)","(-21.3387, -0.0158)"
2.240000000000000213e+01,"(-0.6689, 18.1875)","(-12.9528, 0.99)"
2.250000000000000000e+01,"(0.2458, 16.6954)","(-9.0523, 0.3649)"
2.260000000000000142e+01,"(0.8792, 9.4619)","(-12.75, -0.4549)"
2.270000000000000284e+01,"(0.4466, 5.3497)","(-21.9253, -1.0733)"
2.280000000000000071e+01,"(-0.0063, 5.2399)","(-22.6469, 0.088)"
2.290000000000000213e+01,"(-0.3497, 8.1437)","(-11.3293, 1.3712)"
2.300000000000000000e+01,"(-0.7167, 14.0112)","(-6.5116, 0.4333)"
2.310000000000000142e+01,"(-0.6367, 19.6702)","(-10.0402, -0.4378)"
2.320000000000000284e+01,"(0.5973, 15.2802)","(-21.1732, -1.3468)"
2.330000000000000071e+01,"(0.941, 7.5935)","(-27.4141, -0.4995)"
2.340000000000000213e+01,"(0.3548, 4.1314)","(-11.9711, 2.0802)"
2.350000000000000000e+01,"(-0.0587, 4.5179)","(-3.7981, 0.9701)"
2.360000000000000142e+01,"(-0.3837, 7.6793)","(-2.3697, 0.0301)"
2.370000000000000284e+01,"(-0.7961, 14.1487)","(-6.191, -0.4637)"
2.380000000000000071e+01,"(-0.7547, 20.8442)","(-18.604, -1.5754)"
2.390000000000000213e+01,"(0.73, 15.5444)","(-36.8976, -1.9092)"
2.400000000000000000e+01,"(1.0982, 6.9223)","(-14.3775, 4.0429)"
2.410000000000000142e+01,"(0.4043, 3.002)","(-7.5809, 5.1797)"
2.420000000000000284e+01,"(-0.0033, 2.8189)","(-9.9224, 8.6436)"
2.430000000000000071e+01,"(-0.2598, 4.9782)","(-17.0376, 15.3162)"
2.440000000000000213e+01,"(-0.6436, 10.1321)","(-15.7452, 16.0714)"
2.450000000000000000e+01,"(-1.1135, 19.316)","(-6.3559, 8.4385)"
2.460000000000000142e+01,"(-0.1034, 21.4113)","(-3.7244, 4.3096)"
2.470000000000000284e+01,"(1.51, 10.0343)","(-6.8003, 6.1874)"
2.480000000000000071e+01,"(0.9707, 3.3616)","(-15.579, 13.6015)"
2.490000000000000213e+01,"(0.329, 0.8368)","(-21.1075, 20.0398)"
2.500000000000000000e+01,"(0.181, 0.271)","(-7.1186, 10.4257)"
2.510000000000000142e+01,"(0.3445, 0.4031)","(-1.6737, 3.5589)"
2.520000000000000284e+01,"(0.7923, 0.9173)","(-0.2685, 0.8143)"
2.530000000000000071e+01,"(1.9871, 2.3187)","(-0.0814, 0.7287)"
2.540000000000000213e+01,"(5.2428, 6.1446)","(-0.1995, 2.2063)"
2.550000000000000000e+01,"(13.0893, 15.1871)","(-0.7722, 8.14)"
2.560000000000000142e+01,"(18.6776, 19.4961)","(-2.7386, 29.751)"
2.570000000000000284e+01,"(9.3289, 5.6751)","(0.9242, 31.8101)"
2.580000000000000071e+01,"(5.4744, 1.2866)","(8.2647, 14.255)"
2.590000000000000213e+01,"(6.3799, 0.4328)","(11.2758, 13.0406)"
2.600000000000000000e+01,"(9.488, 0.4347)","(13.4125, 13.9297)"
2.610000000000000142e+01,"(14.6577, 0.638)","(11.495, 10.9233)"
2.620000000000000284e+01,"(18.1017, 0.3739)","(9.0461, 8.5486)"
2.630000000000000071e+01,"(13.7372, -0.5586)","(9.6252, 9.8871)"
2.640000000000000213e+01,"(7.9014, -0.6837)","(12.8653, 13.6741)"
2.650000000000000000e+01,"(5.7203, -0.221)","(14.2182, 14.3597)"
2.660000000000000142e+01,"(7.0498, 0.1623)","(10.7163, 9.7577)"
2.670000000000000284e+01,"(11.2132, 0.5054)","(8.0791, 7.6099)"
2.680000000000000071e+01,"(17.1274, 0.7016)","(9.5736, 10.0664)"
2.690000000000000213e+01,"(17.7952, 0.0142)","(13.9739, 15.0497)"
2.700000000000000000e+01,"(10.9279, -0.8433)","(14.6509, 14.5209)"
2.710000000000000142e+01,"(5.989, -0.5571)","(9.5879, 8.2718)"
2.720000000000000284e+01,"(5.1383, -0.0716)","(6.8875, 6.4823)"
2.730000000000000071e+01,"(7.4758, 0.2799)","(9.2805, 9.9982)"
2.740000000000000213e+01,"(12.7351, 0.6429)","(15.1503, 16.5901)"
2.750000000000000000e+01,"(18.9757, 0.724)","(15.2993, 14.8881)"
2.760000000000000142e+01,"(16.7269, -0.3475)","(8.5104, 6.7407)"
2.770000000000000284e+01,"(8.8099, -0.9721)","(5.2295, 4.7879)"
2.780000000000000071e+01,"(4.6062, -0.4524)","(7.8055, 8.5782)"
2.790000000000000213e+01,"(4.453, 0.0035)","(15.3398, 17.2778)"
2.800000000000000000e+01,"(7.2014, 0.331)","(17.6129, 17.5469)"
2.810000000000000142e+01,"(13.115, 0.728)","(8.6879, 6.0024)"
2.820000000000000284e+01,"(20.1897, 0.8172)","(3.0883, 2.1797)"
2.830000000000000071e+01,"(16.7605, -0.5092)","(3.1111, 3.3345)"
2.840000000000000213e+01,"(7.8944, -1.1194)","(7.7921, 9.0867)"
2.850000000000000000e+01,"(3.4881, -0.4736)","(19.5346, 22.5879)"
2.860000000000000142e+01,"(3.0395, -0.022)","(17.6275, 15.702)"
2.870000000000000284e+01,"(5.1452, 0.2521)","(8.4772, 3.3001)"
2.880000000000000071e+01,"(10.2159, 0.6315)","(6.9328, 0.8431)"
2.890000000000000213e+01,"(19.0639, 1.0711)","(13.2427, 0.9348)"
2.900000000000000000e+01,"(21.0605, 0.1024)","(26.6483, 1.615)"
2.910000000000000142e+01,"(10.1651, -1.4289)","(22.1709, -0.8703)"
2.920000000000000284e+01,"(3.5409, -0.9052)","(7.907, -2.0733)"
2.930000000000000071e+01,"(1.0156, -0.2373)","(1.9998, -0.6151)"
2.940000000000000213e+01,"(0.7006, -0.0101)","(1.1067, -0.0054)"
2.950000000000000000e+01,"(1.3975, 0.0825)","(3.3041, 0.2678)"
2.960000000000000142e+01,"(3.2269, 0.231)","(11.1943, 1.0169)"
2.970000000000000284e+01,"(7.974, 0.6028)","(34.6047, 2.8729)"
2.980000000000000071e+01,"(18.8546, 1.3508)","(23.0743, -2.5719)"
2.990000000000000213e+01,"(26.2054, 0.6764)","(11.3574, -6.9601)"
3.000000000000000000e+01,"(11.2505, -2.1903)","(11.5731, -10.0509)"
3.010000000000000142e+01,"(4.2972, -2.28)","(15.1789, -14.1443)"
3.020000000000000284e+01,"(3.6694, -3.0767)","(13.0817, -13.4882)"
3.030000000000000071e+01,"(5.4862, -4.9454)","(8.0106, -9.0721)"
3.040000000000000213e+01,"(9.4104, -8.4729)","(7.4639, -7.6082)"
3.050000000000000000e+01,"(13.974, -12.921)","(11.5763, -10.7149)"
3.060000000000000142e+01,"(11.7048, -12.1789)","(16.6981, -15.5936)"
3.070000000000000284e+01,"(5.5535, -6.9542)","(12.5246, -13.4271)"
3.080000000000000071e+01,"(2.8752, -3.5342)","(6.439, -7.7521)"
3.090000000000000213e+01,"(3.031, -3.0381)","(6.299, -6.3653)"
3.100000000000000000e+01,"(5.1337, -4.6829)","(11.4486, -10.355)"
3.110000000000000142e+01,"(9.5263, -8.5126)","(18.6087, -17.0522)"
3.120000000000000284e+01,"(14.8384, -13.625)","(12.6072, -13.9461)"
3.130000000000000071e+01,"(11.8981, -12.5291)","(4.8523, -6.6388)"
3.140000000000000213e+01,"(4.9403, -6.5778)","(3.9276, -4.1393)"
3.150000000000000000e+01,"(2.0877, -2.8141)","(8.414, -7.4721)"
3.160000000000000142e+01,"(1.9357, -1.9971)","(18.7077, -16.3882)"
3.170000000000000284e+01,"(3.4386, -3.1252)","(17.9944, -18.3589)"
3.180000000000000071e+01,"(6.9721, -6.1543)","(4.905, -8.3335)"
3.190000000000000213e+01,"(13.4911, -11.9819)","(1.0127, -2.5534)"
3.200000000000000000e+01,"(15.9083, -15.3903)","(0.2005, -1.3328)"
3.210000000000000142e+01,"(7.0331, -9.0372)","(0.2747, -3.1759)"
3.220000000000000284e+01,"(2.0759, -3.5673)","(0.9403, -10.4182)"
3.230000000000000426e+01,"(0.5028, -0.9827)","(2.7569, -32.6822)"
3.239999999999999858e+01,"(0.1213, -0.2059)","(-1.9686, -25.2819)"
3.250000000000000000e+01,"(0.1396, -0.1355)","(-6.6804, -11.4692)"
3.260000000000000142e+01,"(0.3404, -0.2968)","(-9.5335, -11.1065)"
3.270000000000000284e+01,"(0.8608, -0.7386)","(-13.9275, -15.0755)"
3.280000000000000426e+01,"(2.3052, -1.9642)","(-14.0615, -13.8376)"
3.289999999999999858e+01,"(6.3685, -5.4111)","(-9.4111, -8.2419)"
3.300000000000000000e+01,"(16.1076, -13.8528)","(-7.3004, -7.0146)"
3.310000000000000142e+01,"(19.3868, -18.8378)","(-9.9812, -10.7542)"
3.320000000000000284e+01,"(5.0722, -9.1702)","(-15.3423, -16.6147)"
3.330000000000000426e+01,"(1.1868, -6.127)","(-14.3596, -13.7113)"
3.339999999999999858e+01,"(0.4304, -7.4373)","(-8.1846, -6.664)"
3.350000000000000000e+01,"(0.4431, -10.6775)","(-5.8694, -5.616)"
3.360000000000000142e+01,"(0.5582, -15.2645)","(-9.1691, -10.1053)"
3.370000000000000284e+01,"(0.1594, -16.9062)","(-16.4142, -18.1965)"
3.380000000000000426e+01,"(-0.5528, -12.4189)","(-15.5856, -14.7593)"
3.389999999999999858e+01,"(-0.5139, -7.9117)","(-7.5075, -5.3285)"
3.400000000000000000e+01,"(-0.1101, -6.779)","(-3.5752, -3.0875)"
3.410000000000000142e+01,"(0.2403, -8.7761)","(-5.5811, -6.2086)"
3.420000000000000284e+01,"(0.5328, -13.1968)","(-13.2208, -15.2831)"
3.430000000000000426e+01,"(0.4785, -17.4039)","(-21.1825, -22.6332)"
3.439999999999999858e+01,"(-0.3105, -15.1681)","(-10.9444, -7.1504)"
3.450000000000000000e+01,"(-0.6884, -9.3634)","(-4.3125, -1.5147)"
3.460000000000000142e+01,"(-0.3173, -6.3913)","(-3.7484, -0.42)"
3.470000000000000284e+01,"(0.0821, -7.0032)","(-8.853, -0.7094)"
3.480000000000000426e+01,"(0.4185, -10.4715)","(-24.2701, -1.9378)"
3.489999999999999858e+01,"(0.6468, -15.8873)","(-31.4823, -0.3442)"
3.500000000000000000e+01,"(0.184, -17.8621)","(-11.0064, 3.9797)"
3.510000000000000142e+01,"(-0.6979, -12.2328)","(-6.0299, 4.3953)"
3.520000000000000284e+01,"(-0.598, -7.0208)","(-9.3585, 8.1327)"
3.530000000000000426e+01,"(-0.127, -5.6831)","(-18.1931, 16.1194)"
3.539999999999999858e+01,"(0.237, -7.6578)","(-16.6699, 17.1213)"
3.550000000000000000e+01,"(0.5795, -12.4228)","(-5.3337, 8.0523)"
3.560000000000000142e+01,"(0.6636, -18.1226)","(-1.8679, 2.6831)"
3.570000000000000284e+01,"(-0.2387, -16.6819)","(-3.0067, 2.7839)"
3.580000000000000426e+01,"(-0.8707, -9.5126)","(-8.4574, 7.2251)"
3.589999999999999858e+01,"(-0.4455, -5.4135)","(-22.2422, 19.1037)"
3.600000000000000000e+01,"(0.0066, -5.3077)","(-17.1182, 18.7154)"
3.610000000000000142e+01,"(0.3508, -8.2206)","(-3.5339, 9.2948)"
3.620000000000000284e+01,"(0.7144, -14.0729)","(-0.9323, 8.0271)"
3.630000000000000426e+01,"(0.6215, -19.6099)","(-0.9968, 14.7884)"
3.639999999999999858e+01,"(-0.6008, -15.1725)","(-1.4052, 26.7357)"
3.650000000000000000e+01,"(-0.9267, -7.5827)","(1.0975, 19.712)"
3.660000000000000142e+01,"(-0.3463, -4.1965)","(1.6346, 7.3443)"
3.670000000000000284e+01,"(0.0651, -4.6452)","(0.3093, 3.0111)"
3.680000000000000426e+01,"(0.3934, -7.885)","(-0.3259, 5.6433)"
3.689999999999999858e+01,"(0.8023, -14.4143)","(-1.2428, 15.5315)"
3.700000000000000000e+01,"(0.7139, -20.8013)","(-2.1159, 34.0893)"
3.710000000000000142e+01,"(-0.7644, -15.1717)","(2.7665, 17.1459)"
3.720000000000000284e+01,"(-1.0642, -6.7724)","(3.7696, 6.8449)"
3.730000000000000426e+01,"(-0.3784, -3.0452)","(5.5512, 6.6349)"
3.739999999999999858e+01,"(0.0188, -3.0291)","(11.4825, 13.1531)"
3.750000000000000000e+01,"(0.2845, -5.3849)","(19.3553, 21.0793)"
3.760000000000000142e+01,"(0.6862, -10.8852)","(12.463, 9.9534)"
3.770000000000000284e+01,"(1.1017, -20.0541)","(4.8052, 2.7952)"
3.780000000000000426e+01,"(-0.1075, -20.4086)","(1.5716, 1.2992)"
3.789999999999999858e+01,"(-1.4899, -9.2052)","(2.9064, 3.3137)"
3.800000000000000000e+01,"(-0.8574, -3.0547)","(8.4916, 10.0575)"
3.810000000000000142e+01,"(-0.2377, -0.7661)","(22.3674, 25.9157)"
3.820000000000000284e+01,"(-0.0293, -0.2301)","(16.1466, 12.5352)"
3.830000000000000426e+01,"(0.0192, -0.3881)","(9.7171, 2.6635)"
3.840000000000000568e+01,"(0.0658, -0.9157)","(11.3404, 0.9372)"
3.850000000000000000e+01,"(0.1801, -2.3291)","(19.8688, 1.1402)"
3.860000000000000142e+01,"(0.4988, -6.2392)","(24.7962, 0.452)"
3.870000000000000284e+01,"(1.2744, -16.3706)","(13.4133, -1.4309)"
3.880000000000000426e+01,"(1.3219, -28.6393)","(6.4107, -0.7137)"
3.890000000000000568e+01,"(-2.2271, -13.7748)","(7.8474, 0.221)"
3.900000000000000000e+01,"(-3.038, -5.6213)","(17.0552, 1.1213)"
3.910000000000000142e+01,"(-4.0943, -4.8389)","(29.3244, 1.3336)"
3.920000000000000284e+01,"(-6.0597, -6.6295)","(16.0911, -1.8821)"
3.930000000000000426e+01,"(-9.2081, -10.0274)","(5.2804, -1.6089)"
3.940000000000000568e+01,"(-12.1095, -12.7476)","(1.1865, -0.3156)"
3.950000000000000000e+01,"(-10.6961, -10.161)","(1.3272, 0.0589)"
3.960000000000000142e+01,"(-6.8211, -5.8552)","(4.2102, 0.362)"
3.970000000000000284e+01,"(-4.6261, -4.2227)","(14.7158, 1.3547)"
3.980000000000000426e+01,"(-4.9466, -5.0996)","(39.9748, 2.9346)"
3.990000000000000568e+01,"(-7.3073, -7.9352)","(17.7148, -4.468)"
4.000000000000000000e+01,"(-11.0429, -11.9679)","(10.9334, -7.6671)"
4.010000000000000142e+01,"(-12.4603, -12.6307)","(12.6835, -11.3193)"
4.020000000000000284e+01,"(-8.8436, -7.8032)","(15.1422, -14.4455)"
4.030000000000000426e+01,"(-5.174, -4.3644)","(11.3583, -12.1238)"
4.040000000000000568e+01,"(-4.0607, -3.9175)","(7.585, -8.3834)"
4.050000000000000000e+01,"(-5.3305, -5.6959)","(8.5592, -8.3858)"
4.060000000000000142e+01,"(-8.587, -9.4388)","(13.4039, -12.3669)"
4.070000000000000284e+01,"(-12.543, -13.4669)","(16.2379, -15.644)"
4.080000000000000426e+01,"(-11.8, -11.3658)","(10.1585, -11.4401)"
4.090000000000000568e+01,"(-7.084, -5.8418)","(6.1551, -7.0251)"
4.100000000000000000e+01,"(-3.9931, -3.398)","(7.8856, -7.5615)"
4.110000000000000142e+01,"(-3.7174, -3.7506)","(14.2065, -12.8309)"
4.120000000000000284e+01,"(-5.6217, -6.1396)","(17.8539, -17.1073)"
4.130000000000000426e+01,"(-9.6083, -10.645)","(9.0932, -10.9777)"
4.140000000000000568e+01,"(-13.5551, -14.4149)","(4.3769, -5.4416)"
4.150000000000000000e+01,"(-11.0081, -10.0867)","(5.8845, -5.6082)"
4.160000000000000142e+01,"(-5.8384, -4.5263)","(12.8302, -11.2977)"
4.170000000000000284e+01,"(-3.0906, -2.6195)","(21.1524, -19.374)"
4.180000000000000426e+01,"(-3.1609, -3.2609)","(10.2041, -12.6842)"
4.190000000000000568e+01,"(-5.2341, -5.7942)","(2.8348, -4.9189)"
4.200000000000000000e+01,"(-9.6061, -10.7541)","(1.1912, -1.4967)"
4.210000000000000142e+01,"(-14.3045, -15.3442)","(2.9651, -2.6095)"
4.220000000000000284e+01,"(-11.3333, -10.2319)","(9.0723, -7.6557)"
4.230000000000000426e+01,"(-5.5145, -3.9729)","(24.8417, -21.2709)"
4.240000000000000568e+01,"(-2.3228, -1.7723)","(14.6706, -17.5653)"
4.250000000000000000e+01,"(-1.9489, -1.9604)","(3.0314, -10.3073)"
4.260000000000000142e+01,"(-3.2992, -3.6675)","(0.9878, -11.3762)"
4.270000000000000284e+01,"(-6.675, -7.5866)","(1.097, -19.4134)"
4.280000000000000426e+01,"(-12.8827, -14.471)","(0.4907, -24.5087)"
4.290000000000000568e+01,"(-15.1429, -15.3011)","(-1.3282, -13.9246)"
4.300000000000000000e+01,"(-8.1799, -6.0175)","(-0.7169, -6.9422)"
4.310000000000000142e+01,"(-3.0634, -1.6606)","(0.2197, -8.3739)"
4.320000000000000284e+01,"(-0.858, -0.3357)","(1.1099, -17.5279)"
4.330000000000000426e+01,"(-0.5315, -0.073)","(1.1783, -28.5718)"
4.340000000000000568e+01,"(-1.0021, -0.072)","(-1.796, -15.6357)"
4.350000000000000000e+01,"(-2.3009, -0.167)","(-1.3905, -5.2974)"
4.360000000000000142e+01,"(-5.75, -0.4395)","(-0.1788, -2.0984)"
4.370000000000000284e+01,"(-14.4833, -1.1002)","(0.3084, -4.6466)"
4.380000000000000426e+01,"(-27.0126, -1.4218)","(1.1646, -13.8178)"
4.390000000000000568e+01,"(-16.0552, 1.6359)","(2.476, -34.8027)"
4.400000000000000000e+01,"(-5.8058, 2.5261)","(-2.7868, -19.1448)"
4.410000000000000142e+01,"(-3.8679, 3.0436)","(-4.9171, -8.4402)"
4.420000000000000284e+01,"(-5.2071, 4.6923)","(-7.383, -8.6792)"
4.430000000000000426e+01,"(-8.5083, 7.7006)","(-13.4182, -15.0628)"
4.440000000000000568e+01,"(-12.9549, 11.9204)","(-17.3002, -17.8949)"
4.450000000000000000e+01,"(-12.532, 12.6005)","(-10.3245, -8.2312)"
4.460000000000000142e+01,"(-6.7702, 8.0382)","(-4.8489, -3.8501)"
4.470000000000000284e+01,"(-3.5655, 4.3397)","(-5.2229, -5.5388)"
4.480000000000000426e+01,"(-3.3857, 3.4689)","(-11.1105, -12.7032)"
4.490000000000000568e+01,"(-5.3203, 4.9154)","(-19.9862, -21.9735)"
4.500000000000000000e+01,"(-9.3879, 8.4554)","(-12.8859, -10.1652)"
4.510000000000000142e+01,"(-14.1564, 13.0646)","(-4.9735, -2.5344)"
4.520000000000000284e+01,"(-11.8076, 12.3022)","(-1.1356, -0.463)"
4.530000000000000426e+01,"(-5.4415, 6.8994)","(-0.3171, -0.0673)"
4.540000000000000568e+01,"(-2.6929, 3.3731)","(-0.6628, -0.0623)"
4.550000000000000000e+01,"(-2.7732, 2.7948)","(-2.3578, -0.2221)"
4.560000000000000142e+01,"(-4.7495, 4.3281)","(-9.4341, -0.9224)"
4.570000000000000284e+01,"(-9.0124, 8.0278)","(-35.0403, -3.2117)"
4.580000000000000426e+01,"(-14.7873, 13.4649)","(-25.8911, 2.7038)"
4.590000000000000568e+01,"(-12.7299, 13.1756)","(-14.7356, 9.6432)"
4.600000000000000000e+01,"(-5.2289, 6.984)","(-14.1151, 12.671)"
4.610000000000000142e+01,"(-1.981, 2.8349)","(-12.3649, 12.4939)"
4.620000000000000284e+01,"(-1.4925, 1.618)","(-9.0157, 9.6804)"
4.630000000000000426e+01,"(-2.5934, 2.3741)","(-8.8496, 8.899)"
4.640000000000000568e+01,"(-5.3533, 4.7176)","(-12.1034, 11.4196)"
4.650000000000000000e+01,"(-11.2287, 9.8588)","(-15.027, 14.4019)"
4.660000000000000142e+01,"(-17.2423, 15.9007)","(-11.7143, 12.4092)"
4.670000000000000284e+01,"(-9.9071, 11.5316)","(-7.8155, 8.6407)"
4.680000000000000426e+01,"(-2.8831, 4.935)","(-8.4979, 8.3854)"
4.690000000000000568e+01,"(-0.6146, 1.6284)","(-13.0747, 12.0997)"
4.700000000000000000e+01,"(-0.1484, 1.2111)","(-16.1495, 15.5004)"
4.710000000000000142e+01,"(-0.1464, 2.1857)","(-10.5601, 11.7382)"
4.720000000000000284e+01,"(-0.3274, 4.7368)","(-6.3944, 7.295)"
4.730000000000000426e+01,"(-0.7914, 11.0001)","(-7.8682, 7.5975)"
4.740000000000000568e+01,"(-1.3768, 22.4404)","(-13.8931, 12.5871)"
4.750000000000000000e+01,"(0.3751, 21.28)","(-17.7068, 16.9172)"
4.760000000000000142e+01,"(2.0384, 8.0389)","(-9.4782, 11.2418)"
4.770000000000000284e+01,"(1.6403, 2.9314)","(-4.6723, 5.7494)"
4.780000000000000426e+01,"(2.3248, 2.7467)","(-6.1142, 5.8525)"
4.790000000000000568e+01,"(4.0502, 4.5416)","(-12.9498, 11.447)"
4.800000000000000000e+01,"(7.6865, 8.6651)","(-20.6898, 19.0407)"
4.810000000000000142e+01,"(13.3253, 14.7185)","(-10.1552, 12.5198)"
4.820000000000000284e+01,"(13.6355, 13.3308)","(-3.0276, 4.9349)"
4.830000000000000426e+01,"(7.2788, 5.4389)","(-1.8388, 2.0567)"
4.840000000000000568e+01,"(2.8666, 1.91)","(-4.6844, 4.0962)"
4.850000000000000000e+01,"(1.3452, 1.1722)","(-13.4969, 11.4559)"
4.860000000000000142e+01,"(1.8155, 1.9657)","(-26.4331, 23.7158)"
4.870000000000000284e+01,"(3.6143, 4.1031)","(-8.1395, 12.9703)"
4.880000000000000426e+01,"(7.8687, 9.0196)","(-1.7946, 7.707)"
4.890000000000000568e+01,"(14.9515, 16.7034)","(-0.8083, 10.4227)"
4.900000000000000000e+01,"(14.1656, 13.3971)","(-1.3032, 20.4993)"
4.910000000000000142e+01,"(6.5647, 4.0849)","(-0.5642, 26.8587)"
4.920000000000000284e+01,"(2.4545, 0.8968)","(1.8668, 12.6529)"
4.930000000000000426e+01,"(2.0275, 0.2301)","(0.9009, 4.5247)"
4.940000000000000568e+01,"(3.4981, 0.2203)","(-0.0483, 4.0575)"
4.950000000000000000e+01,"(7.1653, 0.4692)","(-0.7438, 10.13)"
4.960000000000000142e+01,"(15.1433, 0.9944)","(-1.9962, 26.3335)"
4.970000000000000284e+01,"(23.7092, 0.9476)","(0.342, 28.0344)"
4.980000000000000426e+01,"(14.8978, -1.2194)","(3.6233, 9.6777)"
4.990000000000000568e+01,"(5.3432, -1.4811)","(3.7542, 5.1346)"
5.000000000000000000e+01,"(1.5971, -0.802)","(7.2767, 8.4187)"
5.010000000000000142e+01,"(1.2477, -1.0189)","(15.7534, 18.0016)"
5.020000000000000284e+01,"(2.2263, -1.9551)","(18.62, 18.5685)"
5.030000000000000426e+01,"(4.8162, -4.199)","(8.6889, 5.3833)"
5.040000000000000568e+01,"(10.7739, -9.3783)","(2.6179, 1.2141)"
5.050000000000000000e+01,"(18.1034, -16.4649)","(0.4684, 0.1951)"
5.060000000000000142e+01,"(10.6292, -12.3127)","(0.0528, 0.03)"
5.070000000000000284e+01,"(2.8078, -5.3039)","(0.0807, 0.0945)"
5.080000000000000426e+01,"(0.5828, -2.4645)","(0.3106, 0.3766)"
5.090000000000000568e+01,"(0.2349, -3.1451)","(1.3054, 1.5948)"
5.100000000000000000e+01,"(0.3438, -5.7066)","(5.8573, 7.1857)"
5.110000000000000142e+01,"(0.73, -11.5004)","(23.9836, 29.0156)"
5.120000000000000284e+01,"(1.0922, -20.6529)","(20.2997, 15.1793)"
5.130000000000000426e+01,"(-0.2771, -19.6013)","(20.1778, 3.6233)"
5.140000000000000568e+01,"(-1.4788, -8.5527)","(20.1197, 0.7055)"
5.150000000000000000e+01,"(-0.7864, -2.7912)","(14.0126, -0.6426)"
5.160000000000000142e+01,"(-0.2004, -0.7053)","(10.1019, -0.382)"
5.170000000000000284e+01,"(-0.0168, -0.3247)","(12.745, 0.3375)"
5.180000000000000426e+01,"(0.0373, -0.6452)","(20.4282, 0.8974)"
5.190000000000000568e+01,"(0.111, -1.5264)","(22.2877, 0.0904)"
5.200000000000000000e+01,"(0.3012, -3.8893)","(12.8199, -1.1355)"
5.210000000000000142e+01,"(0.8086, -10.2548)","(8.1065, -0.447)"
5.220000000000000284e+01,"(1.6333, -23.6831)","(11.4371, 0.4161)"
5.230000000000000426e+01,"(-0.3915, -23.2049)","(21.3692, 1.1805)"
5.240000000000000568e+01,"(-2.7506, -8.318)","(24.7455, 0.2022)"
5.250000000000000000e+01,"(-3.1027, -4.4013)","(11.8573, -1.6263)"
5.260000000000000142e+01,"(-4.5628, -5.1103)","(5.2993, -0.6375)"
5.270000000000000284e+01,"(-7.071, -7.7557)","(7.0455, 0.2509)"
5.280000000000000426e+01,"(-10.8059, -11.7436)","(16.5054, 1.1625)"
5.290000000000000568e+01,"(-12.524, -12.7814)","(30.7825, 1.5825)"
5.300000000000000000e+01,"(-9.1145, -8.1138)","(16.5238, -2.1123)"
5.310000000000000142e+01,"(-5.3423, -4.4944)","(5.3918, -2.0981)"
5.320000000000000284e+01,"(-4.0677, -3.8899)","(2.1615, -1.5173)"
5.330000000000000426e+01,"(-5.2131, -5.5497)","(3.9387, -3.3362)"
5.340000000000000568e+01,"(-8.3542, -9.1779)","(11.373, -9.6021)"
5.350000000000000000e+01,"(-12.3696, -13.32)","(26.7224, -23.3478)"
5.360000000000000142e+01,"(-12.0092, -11.6735)","(10.4286, -14.7264)"
5.370000000000000284e+01,"(-7.3434, -6.0981)","(2.2768, -9.0103)"
5.380000000000000426e+01,"(-4.1079, -3.4701)","(0.8875, -11.2293)"
5.390000000000000568e+01,"(-3.6896, -3.6945)","(1.1995, -20.3749)"
5.400000000000000000e+01,"(-5.484, -5.9745)","(0.4191, -25.2262)"
5.410000000000000142e+01,"(-9.3592, -10.3697)","(-1.5662, -12.8602)"
5.420000000000000284e+01,"(-13.4477, -14.3582)","(-0.7264, -5.7195)"
5.430000000000000426e+01,"(-11.2752, -10.4441)","(0.2012, -6.9484)"
5.440000000000000568e+01,"(-6.07, -4.7327)","(1.0927, -15.8735)"
5.450000000000000000e+01,"(-3.1784, -2.6694)","(1.6049, -30.1364)"
5.460000000000000142e+01,"(-3.1363, -3.2149)","(-1.9013, -17.4327)"
5.470000000000000284e+01,"(-5.1212, -5.6584)","(-2.0478, -5.7181)"
5.480000000000000426e+01,"(-9.381, -10.5014)","(-1.1168, -1.7764)"
5.490000000000000568e+01,"(-14.1872, -15.2692)","(-2.1908, -2.6129)"
5.500000000000000000e+01,"(-11.5806, -10.5692)","(-6.3967, -7.6001)"
5.510000000000000142e+01,"(-5.7219, -4.1582)","(-19.0637, -22.4919)"
5.520000000000000284e+01,"(-2.4213, -1.839)","(-20.3959, -18.9653)"
5.530000000000000426e+01,"(-1.9725, -1.9719)","(-11.3717, -3.7651)"
5.540000000000000568e+01,"(-3.2924, -3.6531)","(-11.464, -1.1034)"
5.550000000000000000e+01,"(-6.6205, -7.5189)","(-18.6923, -1.034)"
5.560000000000000142e+01,"(-12.7607, -14.3337)","(-23.9669, -0.5417)"
5.570000000000000284e+01,"(-15.1525, -15.3545)","(-14.7642, 1.1563)"
5.580000000000000426e+01,"(-8.2805, -6.1478)","(-7.8218, 0.7218)"
5.590000000000000568e+01,"(-3.1247, -1.7252)","(-9.1181, -0.2037)"
5.600000000000000000e+01,"(-0.8492, -0.3645)","(-17.9396, -1.0623)"
5.610000000000000142e+01,"(-0.3589, -0.0666)","(-27.3252, -0.9795)"
5.620000000000000284e+01,"(-0.6139, -0.0471)","(-15.3105, 1.6191)"
5.630000000000000426e+01,"(-1.4029, -0.1023)","(-5.7099, 1.1488)"
5.640000000000000568e+01,"(-3.5254, -0.2709)","(-4.0742, 0.0533)"
5.650000000000000000e+01,"(-9.2544, -0.7285)","(-9.4135, -0.6465)"
5.660000000000000142e+01,"(-22.0361, -1.5708)","(-24.1655, -1.824)"
5.670000000000000284e+01,"(-25.0072, -0.0513)","(-29.7684, -0.214)"
5.680000000000000426e+01,"(-9.2298, 2.6642)","(-10.4652, 3.3532)"
5.690000000000000568e+01,"(-4.4532, 2.9518)","(-4.5553, 3.0433)"
5.700000000000000000e+01,"(-4.8586, 4.2931)","(-6.5732, 5.625)"
5.710000000000000142e+01,"(-7.2947, 6.6452)","(-15.1389, 13.086)"
5.720000000000000284e+01,"(-11.2937, 10.3498)","(-22.4085, 20.9455)"
5.730000000000000426e+01,"(-13.1161, 12.6843)","(-7.3697, 10.9972)"
5.740000000000000568e+01,"(-8.7668, 9.6918)","(-1.5938, 4.1625)"
5.750000000000000000e+01,"(-4.7122, 5.6544)","(-0.3758, 2.91)"
5.760000000000000142e+01,"(-3.7446, 4.0025)","(-0.5474, 6.7078)"
5.770000000000000284e+01,"(-5.1376, 4.8654)","(-1.6401, 19.5488)"
5.780000000000000426e+01,"(-8.5248, 7.7603)","(-1.6665, 36.1717)"
5.790000000000000568e+01,"(-12.9725, 11.951)","(4.0245, 13.7192)"
5.800000000000000000e+01,"(-12.4765, 12.5631)","(4.9134, 7.1526)"
5.810000000000000142e+01,"(-6.7307, 7.9964)","(8.3567, 9.6084)"
5.820000000000000284e+01,"(-3.5658, 4.3304)","(15.3411, 17.1558)"
5.830000000000000426e+01,"(-3.4141, 3.4912)","(16.5518, 16.3026)"
5.840000000000000568e+01,"(-5.3732, 4.9623)","(8.4922, 6.2276)"
5.850000000000000000e+01,"(-9.4645, 8.5263)","(3.87, 3.1923)"
5.860000000000000142e+01,"(-14.1758, 13.0974)","(5.2409, 5.7406)"
5.870000000000000284e+01,"(-11.6975, 12.2198)","(12.1182, 13.9806)"
5.880000000000000426e+01,"(-5.3857, 6.8333)","(21.0578, 22.9138)"
5.890000000000000568e+01,"(-2.696, 3.361)","(11.8523, 8.4082)"
5.900000000000000000e+01,"(-2.8176, 2.8305)","(4.6198, 1.8588)"
5.910000000000000142e+01,"(-4.8358, 4.4041)","(2.8774, 0.4073)"
5.920000000000000284e+01,"(-9.1547, 8.1569)","(6.3304, 0.5158)"
5.930000000000000426e+01,"(-14.8569, 13.5523)","(18.2943, 1.5328)"
5.940000000000000568e+01,"(-12.5184, 13.0243)","(36.2723, 1.9002)"
5.950000000000000000e+01,"(-5.1157, 6.8543)","(14.4959, -3.7738)"
5.960000000000000142e+01,"(-1.9666, 2.7902)","(7.1546, -4.7215)"
5.970000000000000284e+01,"(-1.5462, 1.658)","(9.0819, -7.8576)"
5.980000000000000426e+01,"(-2.7105, 2.4762)","(16.5588, -14.7391)"
5.990000000000000568e+01,"(-5.5926, 4.9278)","(17.2898, -17.1963)"
6.000000000000000000e+01,"(-11.6253, 10.2199)","(6.7246, -9.0843)"
6.010000000000000142e+01,"(-17.184, 15.95)","(3.0632, -3.8982)"
6.020000000000000284e+01,"(-9.3592, 11.0925)","(5.0352, -4.6564)"
6.030000000000000426e+01,"(-2.7081, 4.6801)","(12.4725, -10.7982)"
6.040000000000000568e+01,"(-0.5742, 1.5113)","(23.291, -20.9601)"
6.050000000000000000e+01,"(-0.1367, 1.0969)","(10.1015, -13.2345)"
6.060000000000000142e+01,"(-0.1348, 1.9916)","(2.2477, -5.4712)"
6.070000000000000284e+01,"(-0.303, 4.3516)","(0.4943, -3.4318)"
6.080000000000000426e+01,"(-0.7442, 10.2311)","(0.5786, -7.2396)"
6.090000000000000568e+01,"(-1.3911, 21.6836)","(1.6164, -19.9148)"
6.100000000000000000e+01,"(0.13, 22.5783)","(1.4447, -34.6313)"
6.110000000000000142e+01,"(2.0965, 8.7262)","(-3.6195, -13.2489)"
6.120000000000000284e+01,"(1.769, 3.2103)","(-3.9921, -6.1225)"
6.130000000000000426e+01,"(2.4701, 2.9265)","(-6.8277, -7.9417)"
6.140000000000000568e+01,"(4.229, 4.7317)","(-14.0319, -15.9795)"
6.150000000000000000e+01,"(7.8597, 8.8346)","(-18.8318, -19.5033)"
6.160000000000000142e+01,"(13.272, 14.5987)","(-9.8911, -7.0324)"
6.170000000000000284e+01,"(13.3206, 12.969)","(-3.4216, -2.1186)"
6.180000000000000426e+01,"(7.1897, 5.4448)","(-2.0562, -2.061)"
6.190000000000000568e+01,"(2.9616, 2.0789)","(-4.9471, -5.7501)"
6.200000000000000000e+01,"(1.6811, 1.5444)","(-14.1722, -16.7142)"
6.210000000000000142e+01,"(2.4301, 2.6491)","(-23.6243, -25.1463)"
6.220000000000000284e+01,"(4.7913, 5.4314)","(-11.6903, -5.8433)"
6.230000000000000426e+01,"(9.9341, 11.3025)","(-8.1451, -1.3624)"
6.240000000000000568e+01,"(15.8374, 17.1391)","(-12.8771, -0.8866)"
6.250000000000000000e+01,"(11.4182, 9.7941)","(-23.7898, -1.3469)"
6.260000000000000142e+01,"(4.8863, 2.8838)","(-22.9903, 0.3261)"
6.270000000000000284e+01,"(1.565, 0.6274)","(-9.7363, 1.683)"
6.280000000000000426e+01,"(0.9933, 0.1383)","(-4.3228, 0.4663)"
6.290000000000000568e+01,"(1.7597, 0.1212)","(-6.8406, -0.324)"
6.300000000000000000e+01,"(3.8289, 0.2664)","(-17.0834, -1.2703)"
6.310000000000000142e+01,"(9.0526, 0.6625)","(-32.2518, -1.6581)"
6.320000000000000284e+01,"(20.0592, 1.3532)","(-15.6423, 2.5097)"
6.330000000000000426e+01,"(24.3647, 0.3001)","(-5.3674, 2.5391)"
6.340000000000000568e+01,"(10.0645, -2.0824)","(-3.8133, 3.0415)"
6.350000000000000000e+01,"(3.6323, -1.865)","(-8.1636, 6.9964)"
6.360000000000000142e+01,"(2.974, -2.4648)","(-20.0206, 17.2831)"
6.370000000000000284e+01,"(4.6252, -4.1384)","(-18.7354, 19.3495)"
6.380000000000000426e+01,"(8.4797, -7.5592)","(-4.2465, 8.8521)"
6.390000000000000568e+01,"(14.1334, -12.8279)","(-0.909, 5.0925)"
6.400000000000000000e+01,"(13.3493, -13.514)","(-0.6769, 8.8129)"
6.410000000000000853e+01,"(5.9378, -7.6246)","(-1.5351, 20.88)"
6.420000000000000284e+01,"(2.3507, -3.2789)","(-0.885, 30.6993)"
6.429999999999999716e+01,"(1.7538, -1.9089)","(2.7449, 12.2538)"
6.440000000000000568e+01,"(2.9281, -2.6959)","(1.9747, 3.9631)"
6.450000000000000000e+01,"(5.8829, -5.2045)","(2.5291, 3.1279)"
6.460000000000000853e+01,"(11.8522, -10.4638)","(6.2483, 7.3348)"
6.470000000000000284e+01,"(16.7269, -15.6454)","(16.8327, 19.6971)"
6.479999999999999716e+01,"(9.0165, -10.7167)","(20.954, 20.7772)"
6.490000000000000568e+01,"(2.7473, -4.5383)","(10.0325, 4.4627)"
6.500000000000000000e+01,"(0.6657, -1.3513)","(7.2437, 1.0558)"
6.510000000000000853e+01,"(0.1191, -0.3285)","(12.6131, 0.882)"
6.520000000000000284e+01,"(0.0286, -0.2352)","(24.911, 1.5058)"
6.529999999999999716e+01,"(0.0364, -0.4904)","(23.4426, -0.4665)"
6.540000000000000568e+01,"(0.091, -1.1998)","(9.001, -1.9576)"
6.550000000000000000e+01,"(0.2501, -3.1578)","(2.8598, -0.5645)"
6.560000000000000853e+01,"(0.6949, -8.6118)","(3.4641, 0.1296)"
6.570000000000000284e+01,"(1.5982, -21.532)","(9.621, 0.7676)"
6.579999999999999716e+01,"(0.273, -26.4387)","(27.1481, 2.1772)"
6.590000000000000568e+01,"(-2.8541, -9.7922)","(29.1078, -0.4286)"
6.600000000000000000e+01,"(-3.3745, -4.9917)","(10.3423, -4.4801)"
6.610000000000000853e+01,"(-4.8197, -5.4169)","(7.0649, -5.5454)"
6.620000000000000284e+01,"(-7.1402, -7.7774)","(11.6474, -10.2357)"
6.629999999999999716e+01,"(-10.4431, -11.2706)","(19.1316, -17.421)"
6.640000000000000568e+01,"(-12.0301, -12.285)","(12.5778, -14.0409)"
6.650000000000000000e+01,"(-9.2344, -8.4099)","(4.4737, -6.3944)"
6.660000000000000853e+01,"(-5.8471, -5.0791)","(3.2537, -3.5158)"
6.670000000000000284e+01,"(-4.6689, -4.4977)","(7.2174, -6.3929)"
6.679999999999999716e+01,"(-5.8034, -6.1371)","(17.4802, -15.1456)"
6.690000000000000568e+01,"(-8.7746, -9.5455)","(20.7696, -20.2841)"
6.700000000000000000e+01,"(-12.0671, -12.8201)","(5.5887, -9.5733)"
6.710000000000000853e+01,"(-11.2411, -10.8352)","(1.1294, -3.7936)"
6.720000000000000284e+01,"(-7.1956, -6.1537)","(0.4181, -4.3717)"
6.729999999999999716e+01,"(-4.5884, -4.0869)","(0.8801, -10.9437)"
6.740000000000000568e+01,"(-4.5814, -4.6657)","(2.1699, -28.5758)"
6.750000000000000000e+01,"(-6.698, -7.2674)","(-0.9484, -25.9341)"
6.760000000000000853e+01,"(-10.489, -11.4476)","(-3.9411, -9.145)"
6.770000000000000284e+01,"(-12.8318, -13.2542)","(-4.6672, -5.9871)"
6.779999999999999716e+01,"(-9.6216, -8.6358)","(-9.1221, -10.4697)"
6.790000000000000568e+01,"(-5.4877, -4.5266)","(-17.5925, -19.7116)"
6.800000000000000000e+01,"(-3.8291, -3.5749)","(-15.6396, -14.3577)"
6.810000000000000853e+01,"(-4.7017, -4.9755)","(-6.8311, -4.2487)"
6.820000000000000284e+01,"(-7.622, -8.3948)","(-2.1207, -1.5201)"
6.829999999999999716e+01,"(-11.98, -13.0493)","(-2.6299, -2.9014)"
6.840000000000000568e+01,"(-12.7941, -12.7483)","(-7.1918, -8.4635)"
6.850000000000000000e+01,"(-8.0758, -6.7542)","(-19.6358, -22.9317)"
6.860000000000000853e+01,"(-4.2271, -3.4161)","(-18.687, -16.7999)"
6.870000000000000284e+01,"(-3.2488, -3.1474)","(-9.7943, -3.4193)"
6.879999999999999716e+01,"(-4.5984, -4.9788)","(-9.3657, -0.9717)"
6.890000000000000568e+01,"(-8.0501, -8.964)","(-16.8077, -1.0647)"
6.900000000000000000e+01,"(-12.95, -14.1357)","(-26.3939, -1.0745)"
6.910000000000000853e+01,"(-12.8306, -12.483)","(-16.9324, 1.3006)"
6.920000000000000284e+01,"(-7.2362, -5.6867)","(-6.8396, 1.1965)"
6.929999999999999716e+01,"(-3.3487, -2.5667)","(-5.0197, 0.0801)"
6.940000000000000568e+01,"(-2.4417, -2.3625)","(-10.7756, -0.6952)"
6.950000000000000000e+01,"(-3.6718, -4.0157)","(-25.2982, -1.768)"
6.960000000000000853e+01,"(-6.9356, -7.811)","(-26.6586, 0.26)"
6.970000000000000284e+01,"(-12.5925, -14.0246)","(-9.3674, 2.7997)"
6.979999999999999716e+01,"(-14.4221, -14.5267)","(-3.1384, 1.8459)"
6.990000000000000568e+01,"(-8.1689, -6.297)","(-3.7314, 3.124)"
7.000000000000000000e+01,"(-3.2704, -2.1104)","(-9.5836, 8.15)"
7.010000000000000853e+01,"(-1.2454, -0.9827)","(-23.6356, 20.4572)"
7.020000000000000284e+01,"(-1.3653, -1.4437)","(-14.4325, 16.906)"
7.029999999999999716e+01,"(-2.649, -2.9975)","(-3.0058, 8.5067)"
7.040000000000000568e+01,"(-5.8505, -6.7239)","(-0.8453, 7.9176)"
7.050000000000000000e+01,"(-12.5047, -14.2484)","(-1.0365, 15.208)"
7.060000000000000853e+01,"(-16.5699, -17.1622)","(-1.4347, 27.5494)"
7.070000000000000284e+01,"(-8.94, -6.3969)","(1.3003, 18.9619)"
7.079999999999999716e+01,"(-3.5937, -1.5078)","(1.6667, 6.7791)"
7.090000000000000568e+01,"(-2.4392, -0.3447)","(0.3117, 2.3635)"
7.100000000000000000e+01,"(-3.8424, -0.2403)","(-0.2462, 4.2916)"
7.110000000000000853e+01,"(-7.4068, -0.4597)","(-1.0198, 12.3678)"
7.120000000000000284e+01,"(-14.8989, -0.9324)","(-2.4146, 32.3961)"
7.129999999999999716e+01,"(-22.6935, -0.866)","(2.0378, 21.975)"
7.140000000000000568e+01,"(-15.0382, 1.0505)","(4.5872, 8.7201)"
7.150000000000000000e+01,"(-5.7308, 1.3136)","(6.4279, 7.7336)"
7.160000000000000853e+01,"(-1.6573, 0.515)","(12.0633, 13.6525)"
7.170000000000000284e+01,"(-0.3745, 0.1115)","(17.9862, 19.2023)"
7.179999999999999716e+01,"(-0.1822, 0.0063)","(11.7957, 9.7315)"
7.190000000000000568e+01,"(-0.3942, -0.0248)","(5.1538, 3.7282)"
7.200000000000000000e+01,"(-0.9666, -0.0723)","(3.9816, 4.0231)"
7.210000000000000853e+01,"(-2.5342, -0.2001)","(8.3152, 9.5082)"
7.220000000000000284e+01,"(-6.9315, -0.561)","(18.3581, 20.9168)"
7.229999999999999716e+01,"(-18.1801, -1.4094)","(16.8818, 15.4411)"
7.240000000000000568e+01,"(-28.7247, -1.0486)","(7.3138, 3.702)"
7.250000000000000000e+01,"(-12.1138, 2.5695)","(2.9151, 0.7035)"
7.260000000000000853e+01,"(-5.4421, 3.2713)","(4.4057, 0.3845)"
7.270000000000000284e+01,"(-5.2227, 4.5405)","(11.965, 0.9912)"
7.279999999999999716e+01,"(-7.2271, 6.6362)","(31.4069, 2.362)"
7.290000000000000568e+01,"(-10.5787, 9.7763)","(23.0457, -1.7479)"
7.300000000000000000e+01,"(-12.431, 11.9884)","(8.8014, -4.42)"
7.310000000000000853e+01,"(-9.289, 9.9476)","(7.2865, -5.9807)"
7.320000000000000284e+01,"(-5.5824, 6.4222)","(12.9322, -11.3845)"
7.329999999999999716e+01,"(-4.5162, 4.7932)","(19.6448, -18.1553)"
7.340000000000000568e+01,"(-5.7754, 5.5318)","(10.5965, -12.5867)"
7.350000000000000000e+01,"(-8.8582, 8.1677)","(3.73, -5.4003)"
7.360000000000000853e+01,"(-12.3898, 11.579)","(3.293, -3.3896)"
7.370000000000000284e+01,"(-11.5359, 11.6958)","(7.8401, -6.8696)"
7.379999999999999716e+01,"(-6.8902, 7.9067)","(19.0235, -16.4801)"
7.390000000000000568e+01,"(-4.3434, 4.9498)","(19.3185, -19.5385)"
7.400000000000000000e+01,"(-4.5355, 4.5373)","(4.7044, -8.9052)"
7.410000000000000853e+01,"(-6.8048, 6.3179)","(0.9463, -4.0801)"
7.420000000000000284e+01,"(-10.7597, 9.8555)","(0.5144, -6.1395)"
7.429999999999999716e+01,"(-13.2819, 12.6989)","(1.2156, -15.4614)"
7.440000000000000568e+01,"(-9.4759, 10.2797)","(1.986, -32.7911)"
7.450000000000000000e+01,"(-5.033, 6.0546)","(-2.4348, -17.5019)"
7.460000000000000853e+01,"(-3.6894, 4.0309)","(-3.1659, -6.3784)"
7.470000000000000284e+01,"(-4.8132, 4.6046)","(-4.1614, -5.1173)"
7.479999999999999716e+01,"(-7.9395, 7.2395)","(-9.058, -10.4798)"
7.490000000000000568e+01,"(-12.4903, 11.4444)","(-18.9695, -21.4497)"
7.500000000000000000e+01,"(-13.0838, 12.9322)","(-15.6777, -13.807)"
7.510000000000000853e+01,"(-7.4289, 8.659)","(-6.6102, -3.3512)"
7.520000000000000284e+01,"(-3.7661, 4.646)","(-2.2796, -0.6143)"
7.529999999999999716e+01,"(-3.2565, 3.4117)","(-3.0965, -0.2868)"
7.540000000000000568e+01,"(-4.9388, 4.5961)","(-8.6606, -0.7358)"
7.550000000000000000e+01,"(-8.718, 7.8552)","(-26.1918, -2.2052)"
7.560000000000000853e+01,"(-13.7486, 12.5938)","(-31.8431, 0.0251)"
7.570000000000000284e+01,"(-12.6723, 12.8921)","(-11.5115, 5.1569)"
7.579999999999999716e+01,"(-6.0819, 7.564)","(-8.4105, 6.7056)"
7.590000000000000568e+01,"(-2.8464, 3.6492)","(-12.9507, 11.5245)"
7.600000000000000000e+01,"(-2.6112, 2.7004)","(-17.8125, 16.6947)"
7.610000000000000853e+01,"(-4.33, 3.973)","(-10.8881, 12.3662)"
7.620000000000000284e+01,"(-8.218, 7.3229)","(-5.1176, 6.4022)"
7.629999999999999716e+01,"(-14.1474, 12.7836)","(-5.7262, 5.6362)"
7.640000000000000568e+01,"(-13.8139, 13.8861)","(-11.7487, 10.4441)"
7.650000000000000000e+01,"(-6.0369, 7.8091)","(-20.2066, 18.3676)"
7.660000000000000853e+01,"(-2.2149, 3.2308)","(-11.9048, 13.7861)"
7.670000000000000284e+01,"(-1.3972, 1.5939)","(-3.6786, 5.7865)"
7.680000000000001137e+01,"(-2.2761, 2.1099)","(-2.0701, 2.3879)"
7.690000000000000568e+01,"(-4.6501, 4.1082)","(-4.8941, 4.3187)"
7.700000000000000000e+01,"(-9.9064, 8.6785)","(-13.6123, 11.6026)"
7.710000000000000853e+01,"(-16.9106, 15.325)","(-25.6568, 23.1323)"
7.720000000000000284e+01,"(-11.8797, 13.0053)","(-8.1869, 12.6807)"
7.730000000000001137e+01,"(-3.6297, 5.8721)","(-1.7675, 6.8725)"
7.740000000000000568e+01,"(-0.8135, 2.0042)","(-0.7322, 8.8264)"
7.750000000000000000e+01,"(-0.1806, 1.289)","(-1.2662, 18.4666)"
7.760000000000000853e+01,"(-0.1493, 2.2153)","(-1.1082, 29.064)"
7.770000000000000284e+01,"(-0.3183, 4.6861)","(2.0029, 14.576)"
7.780000000000001137e+01,"(-0.7618, 10.7139)","(1.3852, 4.7097)"
7.790000000000000568e+01,"(-1.3433, 21.8392)","(0.1959, 1.3591)"
7.800000000000000000e+01,"(0.2477, 21.6321)","(-0.1779, 2.7664)"
7.810000000000000853e+01,"(1.9697, 8.4037)","(-0.7493, 8.6482)"
7.820000000000000284e+01,"(1.5081, 2.9056)","(-2.3546, 27.3793)"
7.830000000000001137e+01,"(2.0108, 2.4243)","(0.3174, 31.5256)"
7.840000000000000568e+01,"(3.525, 3.9629)","(5.8374, 11.9225)"
7.850000000000000000e+01,"(6.8045, 7.6935)","(7.9025, 9.633)"
7.860000000000000853e+01,"(12.5587, 14.0236)","(12.7018, 14.0674)"
7.870000000000000284e+01,"(14.6307, 14.7911)","(15.6812, 16.1898)"
7.880000000000001137e+01,"(8.2705, 6.3471)","(10.931, 9.5382)"
7.890000000000000568e+01,"(3.2633, 2.042)","(6.6896, 5.893)"
7.900000000000000000e+01,"(1.0954, 0.8025)","(7.6166, 8.026)"
7.910000000000000853e+01,"(1.0194, 1.0589)","(13.2718, 14.741)"
7.920000000000000284e+01,"(1.9634, 2.2195)","(17.2409, 17.8625)"
7.930000000000001137e+01,"(4.4003, 5.068)","(10.5128, 8.484)"
7.940000000000000568e+01,"(10.0785, 11.6062)","(5.0447, 4.034)"
7.950000000000000000e+01,"(17.1567, 18.7258)","(5.4004, 5.7135)"
7.960000000000000853e+01,"(11.5483, 9.4395)","(11.2795, 12.8663)"
7.970000000000000284e+01,"(4.955, 2.3133)","(19.7901, 21.671)"
7.980000000000001137e+01,"(3.0043, 0.5095)","(12.6946, 10.0316)"
7.990000000000000568e+01,"(4.3264, 0.2732)","(4.8633, 2.5944)"
8.000000000000000000e+01,"(7.8278, 0.4571)","(1.0627, 0.6214)"
8.010000000000000853e+01,"(14.8657, 0.8737)","(0.9252, 1.0133)"
8.020000000000000284e+01,"(21.6317, 0.7492)","(2.8074, 3.3358)"
8.030000000000001137e+01,"(14.8294, -0.9189)","(9.7282, 11.698)"
8.040000000000000568e+01,"(6.1264, -1.1436)","(26.4053, 30.4896)"
8.050000000000000000e+01,"(2.2984, -0.3939)","(15.5343, 9.0219)"
8.060000000000000853e+01,"(1.8913, -0.0158)","(13.0785, 2.2394)"
8.070000000000000284e+01,"(3.4285, 0.1834)","(17.0234, 0.958)"
8.080000000000001137e+01,"(7.3162, 0.488)","(20.999, 0.4917)"
8.090000000000000568e+01,"(15.7998, 1.0552)","(16.5575, -0.5566)"
8.100000000000000000e+01,"(24.2913, 0.9199)","(11.2024, -0.5684)"
8.110000000000000853e+01,"(14.1438, -1.3969)","(11.9348, 0.1276)"
8.120000000000000284e+01,"(4.9147, -1.5476)","(18.2682, 0.7444)"
8.130000000000001137e+01,"(1.7412, -1.0597)","(22.6388, 0.4239)"
8.140000000000000568e+01,"(1.9275, -1.6511)","(15.2209, -0.9246)"
8.150000000000000000e+01,"(3.5628, -3.1437)","(9.2113, -0.6207)"
8.160000000000000853e+01,"(7.525, -6.5879)","(10.8217, 0.2305)"
8.170000000000000284e+01,"(14.7304, -13.0657)","(19.099, 0.9834)"
8.180000000000001137e+01,"(15.6173, -15.4571)","(24.887, 0.5482)"
8.190000000000000568e+01,"(5.8326, -8.1477)","(14.2041, -1.3561)"
8.200000000000000000e+01,"(1.4836, -3.0414)","(6.82, -0.7703)"
8.210000000000000853e+01,"(0.2868, -1.2575)","(7.8801, 0.1835)"
8.220000000000000284e+01,"(0.1337, -1.7384)","(16.7089, 1.0719)"
8.230000000000001137e+01,"(0.2307, -3.4831)","(28.8396, 1.3307)"
8.240000000000000568e+01,"(0.5532, -7.838)","(16.5915, -1.7451)"
8.250000000000000000e+01,"(1.1846, -17.3813)","(5.5799, -1.5668)"
8.260000000000000853e+01,"(0.7676, -24.9868)","(1.5953, -0.2639)"
8.270000000000000284e+01,"(-1.7357, -12.4416)","(2.8565, 0.1684)"
8.280000000000001137e+01,"(-1.6819, -4.2331)","(8.7222, 0.744)"
8.290000000000000568e+01,"(-1.6898, -2.2704)","(27.0648, 2.3029)"
8.300000000000000000e+01,"(-2.8323, -3.2042)","(31.4157, -0.2515)"
8.310000000000000853e+01,"(-5.2993, -5.9767)","(11.6657, -5.5426)"
8.320000000000000284e+01,"(-10.2524, -11.558)","(9.1167, -7.408)"
8.330000000000001137e+01,"(-15.1108, -16.1364)","(13.6969, -12.2882)"
8.340000000000000568e+01,"(-10.8083, -9.3203)","(16.9345, -16.1825)"
8.350000000000000000e+01,"(-4.7863, -3.1399)","(9.974, -11.441)"
8.360000000000000853e+01,"(-1.6011, -1.048)","(5.4898, -6.4741)"
8.370000000000000284e+01,"(-0.9125, -0.8668)","(7.0575, -6.7699)"
8.380000000000001137e+01,"(-1.5324, -1.7044)","(13.6982, -12.2467)"
8.390000000000000568e+01,"(-3.3024, -3.7864)","(19.1897, -18.0425)"
8.400000000000000000e+01,"(-7.6239, -8.8005)","(9.5095, -11.6266)"
8.410000000000000853e+01,"(-15.3436, -17.2763)","(3.6512, -5.0441)"
8.420000000000000284e+01,"(-14.7452, -13.9396)","(4.0428, -3.9817)"
8.430000000000001137e+01,"(-6.735, -3.8866)","(9.6182, -8.4023)"
8.440000000000000568e+01,"(-3.105, -0.8299)","(21.1065, -18.5321)"
8.450000000000000000e+01,"(-3.5936, -0.2864)","(15.1852, -16.7252)"
8.460000000000000853e+01,"(-6.1684, -0.3548)","(3.6095, -7.2331)"
8.470000000000000284e+01,"(-11.8206, -0.7118)","(0.689, -2.9882)"
8.480000000000001137e+01,"(-20.1497, -0.9887)","(0.4039, -4.7042)"
8.490000000000000568e+01,"(-18.7953, 0.289)","(1.0551, -12.7764)"
8.500000000000000000e+01,"(-8.6651, 1.3145)","(2.3542, -32.372)"
8.510000000000000853e+01,"(-3.1925, 0.6575)","(-2.065, -21.3765)"
8.520000000000000284e+01,"(-1.6509, 0.1159)","(-4.2981, -8.3175)"
8.530000000000001137e+01,"(-2.5028, -0.1011)","(-5.9451, -7.1933)"
8.540000000000000568e+01,"(-5.1522, -0.3292)","(-11.5084, -13.0907)"
8.550000000000000000e+01,"(-11.4085, -0.7864)","(-18.4102, -19.9136)"
8.560000000000000853e+01,"(-22.0615, -1.2739)","(-12.4394, -10.3218)"
8.570000000000000284e+01,"(-20.3568, 0.4084)","(-5.1866, -3.4895)"
8.580000000000001137e+01,"(-7.9414, 1.8163)","(-3.0613, -2.9511)"
8.590000000000000568e+01,"(-2.5587, 1.2135)","(-6.2945, -7.1987)"
8.600000000000000000e+01,"(-1.8073, 1.4522)","(-15.7416, -18.2736)"
8.610000000000000853e+01,"(-2.9598, 2.6157)","(-20.6656, -20.9557)"
8.620000000000000284e+01,"(-5.9836, 5.2597)","(-9.6286, -5.088)"
8.630000000000001137e+01,"(-12.2163, 10.762)","(-4.9112, -1.0587)"
8.640000000000000568e+01,"(-16.9794, 15.9303)","(-7.6019, -0.6105)"
8.650000000000000000e+01,"(-8.5854, 10.4503)","(-18.1495, -1.3633)"
8.660000000000000853e+01,"(-2.4733, 4.3166)","(-31.9226, -1.4617)"
8.670000000000000284e+01,"(-0.5241, 1.3385)","(-14.6041, 2.5731)"
8.680000000000001137e+01,"(-0.1182, 0.8848)","(-4.8883, 2.2981)"
8.690000000000000568e+01,"(-0.1113, 1.6079)","(-3.3754, 2.681)"
8.700000000000000000e+01,"(-0.2504, 3.5551)","(-7.3842, 6.3101)"
8.710000000000000853e+01,"(-0.6317, 8.5312)","(-19.1499, 16.4187)"
8.720000000000000284e+01,"(-1.3462, 19.4279)","(-20.7793, 20.7808)"
8.730000000000001137e+01,"(-0.4833, 25.2023)","(-4.6689, 9.7501)"
8.740000000000000568e+01,"(2.1126, 10.6591)","(-1.0392, 6.1365)"
8.750000000000000000e+01,"(2.0146, 3.9144)","(-0.7718, 10.4549)"
8.760000000000000853e+01,"(2.6681, 3.2142)","(-1.5507, 22.7976)"
8.770000000000000284e+01,"(4.405, 4.9106)","(-0.2555, 27.5069)"
8.780000000000001137e+01,"(7.8619, 8.7888)","(2.3829, 10.7331)"
8.790000000000000568e+01,"(12.8701, 14.0947)","(1.1306, 3.0188)"
8.800000000000000000e+01,"(13.0576, 12.7836)","(0.3365, 0.627)"
8.810000000000000853e+01,"(7.3994, 5.8146)","(0.4964, 0.6108)"
8.820000000000000284e+01,"(3.3581, 2.5287)","(1.59, 1.9084)"
8.830000000000001137e+01,"(2.3026, 2.1981)","(5.9254, 7.1744)"
8.840000000000000568e+01,"(3.4018, 3.7127)","(21.2512, 25.471)"
8.850000000000000000e+01,"(6.4597, 7.2821)","(20.7602, 17.8859)"
8.860000000000000853e+01,"(12.0842, 13.5275)","(15.8047, 3.7099)"
8.870000000000000284e+01,"(14.8764, 15.2481)","(17.662, 1.1331)"
8.880000000000001137e+01,"(8.7786, 6.9031)","(19.1357, 0.2569)"
8.890000000000000568e+01,"(3.5499, 2.2364)","(15.2331, -0.4475)"
8.900000000000000000e+01,"(1.1765, 0.8379)","(12.3511, -0.2885)"
8.910000000000000853e+01,"(0.9908, 1.0144)","(14.3464, 0.2546)"
8.920000000000000284e+01,"(1.8672, 2.1051)","(19.3627, 0.571)"
8.930000000000001137e+01,"(4.1544, 4.781)","(19.6755, -0.0338)"
8.940000000000000568e+01,"(9.5479, 11.0034)","(13.7442, -0.6864)"
8.950000000000000000e+01,"(16.9285, 18.6233)","(11.152, -0.2407)"
8.960000000000000853e+01,"(12.1842, 10.2944)","(14.6857, 0.4296)"
8.970000000000000284e+01,"(5.2678, 2.5753)","(21.2026, 0.7364)"
8.980000000000001137e+01,"(2.978, 0.5569)","(19.6491, -0.2835)"
8.990000000000000568e+01,"(4.1482, 0.2712)","(11.8217, -0.8916)"
9.000000000000000000e+01,"(7.4391, 0.4329)","(9.6672, -0.1733)"
9.010000000000000853e+01,"(14.2031, 0.8425)","(14.7179, 0.6061)"
9.020000000000000284e+01,"(21.5093, 0.8258)","(23.3273, 0.9769)"
9.030000000000001137e+01,"(15.6856, -0.8085)","(19.8091, -0.5674)"
9.040000000000000568e+01,"(6.5903, -1.1953)","(9.8328, -1.157)"
9.050000000000000000e+01,"(2.4334, -0.444)","(7.3414, -0.181)"
9.060000000000000853e+01,"(1.799, -0.0351)","(12.9039, 0.6692)"
9.070000000000000284e+01,"(3.1754, 0.1632)","(24.7554, 1.3952)"
9.080000000000001137e+01,"(6.7394, 0.4468)","(22.6363, -0.5211)"
9.090000000000000568e+01,"(14.7145, 0.9954)","(9.001, -1.782)"
9.100000000000000000e+01,"(24.1787, 1.0618)","(3.5098, -0.4627)"
9.110000000000000853e+01,"(15.5369, -1.222)","(5.4795, 0.2631)"
9.120000000000000284e+01,"(5.5088, -1.6344)","(14.5166, 1.1284)"
9.130000000000001137e+01,"(1.8813, -1.0899)","(32.5876, 2.1015)"
9.140000000000000568e+01,"(1.9139, -1.6251)","(18.7218, -2.2907)"
9.150000000000000000e+01,"(3.4562, -3.0527)","(6.9006, -3.4152)"
9.160000000000000853e+01,"(7.2289, -6.335)","(5.5268, -4.4964)"
9.170000000000000284e+01,"(14.2632, -12.6345)","(10.9889, -9.5291)"
9.180000000000001137e+01,"(15.9671, -15.6221)","(21.2689, -18.9541)"
9.190000000000000568e+01,"(6.2876, -8.5373)","(13.0344, -14.989)"
9.200000000000000000e+01,"(1.6515, -3.2389)","(3.3265, -6.2016)"
9.210000000000000853e+01,"(0.3168, -1.1757)","(0.6421, -1.5776)"
9.220000000000000284e+01,"(0.1212, -1.4299)","(0.1035, -0.5539)"
9.230000000000001137e+01,"(0.1886, -2.8321)","(0.1136, -1.2477)"
9.240000000000000568e+01,"(0.4533, -6.3906)","(0.4024, -4.3274)"
9.250000000000000000e+01,"(1.0473, -14.7459)","(1.5852, -16.5706)"
9.260000000000000853e+01,"(1.1874, -25.3099)","(3.0133, -43.6532)"
9.270000000000000284e+01,"(-1.3944, -15.6143)","(-6.2304, -17.3831)"
9.280000000000001137e+01,"(-1.921, -5.4351)","(-9.6714, -12.638)"
9.290000000000000568e+01,"(-1.7888, -2.5581)","(-12.8699, -13.9217)"
9.300000000000000000e+01,"(-2.8778, -3.27)","(-12.7493, -12.5979)"
9.310000000000000853e+01,"(-5.1889, -5.8267)","(-9.9087, -9.224)"
9.320000000000000284e+01,"(-9.7918, -11.007)","(-8.9359, -8.8387)"
9.330000000000001137e+01,"(-14.658, -15.7243)","(-11.2518, -11.8893)"
9.340000000000000568e+01,"(-11.2263, -9.9827)","(-14.257, -14.9014)"
9.350000000000000000e+01,"(-5.2493, -3.6417)","(-12.5863, -11.971)"
9.360000000000000853e+01,"(-2.0002, -1.4398)","(-8.847, -8.0114)"
9.370000000000000284e+01,"(-1.4748, -1.4581)","(-8.3944, -8.4586)"
9.380000000000001137e+01,"(-2.5058, -2.7882)","(-11.8865, -12.8101)"
9.390000000000000568e+01,"(-5.23, -5.9709)","(-15.3646, -16.0523)"
9.400000000000000000e+01,"(-11.049, -12.589)","(-11.9764, -10.8877)"
9.410000000000000853e+01,"(-16.3959, -17.4551)","(-7.5231, -6.6)"
9.420000000000000284e+01,"(-10.2556, -8.165)","(-7.6293, -7.8546)"
9.430000000000001137e+01,"(-4.1659, -2.1616)","(-12.3841, -13.632)"
9.440000000000000568e+01,"(-1.7063, -0.4304)","(-16.7515, -17.5741)"
9.450000000000000000e+01,"(-2.1486, -0.1712)","(-11.4665, -9.8051)"
9.460000000000000853e+01,"(-4.0968, -0.2615)","(-6.0069, -4.9181)"
9.470000000000000284e+01,"(-8.8307, -0.6006)","(-6.0337, -6.2778)"
9.480000000000001137e+01,"(-18.4164, -1.1797)","(-11.5143, -12.9841)"
9.490000000000000568e+01,"(-23.5519, -0.4608)","(-18.7604, -20.3222)"
9.500000000000000000e+01,"(-11.2379, 1.6739)","(-12.4493, -10.1902)"
9.510000000000000853e+01,"(-3.726, 1.3508)","(-5.0179, -3.2229)"
9.520000000000000284e+01,"(-1.5636, 1.0732)","(-2.5323, -2.3712)"
9.530000000000001137e+01,"(-2.0897, 1.8202)","(-5.1945, -5.9465)"
9.540000000000000568e+01,"(-4.0521, 3.5671)","(-13.8292, -16.1891)"
9.550000000000000000e+01,"(-8.6655, 7.5787)","(-22.6548, -24.1463)"
9.560000000000000853e+01,"(-16.0792, 14.3813)","(-11.1543, -6.2255)"
9.570000000000000284e+01,"(-13.8966, 14.4115)","(-6.2815, -1.3484)"
9.580000000000001137e+01,"(-4.5569, 6.9239)","(-9.3181, -0.7228)"
9.590000000000000568e+01,"(-1.0721, 2.4711)","(-20.1839, -1.3962)"
9.600000000000000000e+01,"(-0.2245, 1.3892)","(-29.1046, -0.8405)"
9.610000000000000853e+01,"(-0.1541, 2.2528)","(-12.8373, 2.2603)"
9.620000000000000284e+01,"(-0.3095, 4.642)","(-3.8941, 1.3195)"
9.630000000000001137e+01,"(-0.7322, 10.434)","(-0.7416, 0.253)"
9.640000000000000568e+01,"(-1.3066, 21.2215)","(-0.4608, -0.0105)"
9.650000000000000000e+01,"(0.1236, 21.9327)","(-1.5684, -0.137)"
9.660000000000000853e+01,"(1.8972, 8.8084)","(-5.8203, -0.5522)"
9.670000000000000284e+01,"(1.3932, 2.9258)","(-22.5392, -2.1519)"
9.680000000000001137e+01,"(1.6926, 2.0999)","(-41.7247, -1.5753)"
9.690000000000000568e+01,"(2.9825, 3.3644)","(-16.1523, 7.907)"
9.700000000000000000e+01,"(5.8402, 6.6202)","(-13.1226, 10.8618)"
9.710000000000000853e+01,"(11.4257, 12.8834)","(-13.9169, 13.2539)"
9.720000000000000284e+01,"(15.452, 16.1706)","(-11.1711, 11.6634)"
9.730000000000001137e+01,"(9.601, 7.7181)","(-8.6622, 9.1818)"
9.740000000000000568e+01,"(3.9145, 2.3542)","(-9.7388, 9.531)"
9.750000000000000000e+01,"(1.1224, 0.6204)","(-13.3956, 12.6163)"
9.760000000000000853e+01,"(0.3283, 0.2589)","(-14.458, 14.2353)"
9.770000000000000284e+01,"(0.4502, 0.4936)","(-10.0864, 10.9965)"
9.780000000000001137e+01,"(0.9999, 1.15)","(-7.6965, 8.2141)"
9.790000000000000568e+01,"(2.4608, 2.865)","(-9.8557, 9.427)"
9.800000000000000000e+01,"(6.3506, 7.4237)","(-14.7191, 13.671)"
9.810000000000000853e+01,"(14.8471, 17.0649)","(-14.7525, 14.7613)"
9.820000000000000284e+01,"(17.0934, 16.913)","(-8.6356, 9.9205)"
9.830000000000001137e+01,"(8.0587, 4.3818)","(-6.5584, 7.0223)"
9.840000000000000568e+01,"(4.9599, 0.9965)","(-9.7742, 9.1231)"
9.850000000000000000e+01,"(6.208, 0.3858)","(-16.2026, 14.7997)"
9.860000000000000853e+01,"(9.6421, 0.4634)","(-15.2043, 15.4621)"
9.870000000000000284e+01,"(15.3334, 0.6983)","(-7.1161, 8.8605)"
9.880000000000001137e+01,"(18.6424, 0.3466)","(-4.9304, 5.4223)"
9.890000000000000568e+01,"(13.1983, -0.6901)","(-8.5213, 7.7941)"
9.900000000000000000e+01,"(7.1308, -0.712)","(-16.9342, 15.0639)"
9.910000000000000853e+01,"(5.0793, -0.2013)","(-17.6057, 17.5729)"
9.920000000000000284e+01,"(6.5357, 0.1761)","(-6.2986, 8.8883)"
9.930000000000001137e+01,"(10.879, 0.5297)","(-2.4548, 3.3554)"
9.940000000000000568e+01,"(17.4246, 0.7815)","(-3.8526, 3.5846)"
9.950000000000000000e+01,"(18.5761, 0.0604)","(-10.1928, 8.7653)"
9.960000000000000853e+01,"(10.9464, -0.9473)","(-23.2913, 20.3669)"
9.970000000000000284e+01,"(5.4643, -0.6288)","(-13.4395, 15.9512)"
9.980000000000001137e+01,"(4.2536, -0.1043)","(-2.8761, 7.4155)"
9.990000000000000568e+01,"(6.2334, 0.2362)","(-0.7245, 5.8834)"
1.000000000000000000e+02,"(11.177, 0.6082)","(-0.8669, 11.7856)"
