time,y
0,-12.513207
0.2,-1.4227304
0.4,-0.20771313
0.6,-1.0997456
0.8,-7.7947787
1,-27.675317
1.2,-5.1114549
1.4,-7.4199741
1.6,-12.505545
1.8,-5.2710942
2,-5.8100421
2.2,-12.661593
2.4,-6.5798561
2.6,-4.4199468
2.8,-10.899476
3,-9.3925744
3.2,-3.4748397
3.4,-7.7187037
3.6,-13.469636
3.8,-3.6256363
4,-4.4413998
4.2,-13.445308
4.4,-6.659079
4.6,-2.0955577
4.8,-6.5322111
5,-15.919833
5.2,-2.6675098
5.4,-0.88482691
5.6,-4.0356545
5.8,-17.884207
6,-3.4215011
6.2,-0.28329515
6.4,-0.76448934
6.6,0.52392614
6.8,0.5451778
7,-0.1476807
7.2,-0.94746803
7.4,1.0681481
7.6,0.95970652
7.8,2.3987871
8,10.734236
8.2,10.613309
8.4,1.8027574
8.6,4.2602094
8.8,18.702894
9,10.914068
9.2,1.4144219
9.4,3.5957381
9.6,15.444209
9.8,5.2246466
10,0.27114204
10.2,0.38941921
10.4,1.1626029
10.6,-1.6454773
10.8,-1.0060954
11,-3.9104046
11.2,-15.819846
11.4,-5.8521395
11.6,-2.577577
11.8,-9.3873603
12,-22.329288
12.2,-3.7162719
12.4,-0.59990357
12.6,-2.4860867
12.8,-14.309109
13,-6.3869311
13.2,-0.41400865
13.4,-0.66082636
13.6,0.30075333
13.8,0.49402646
14,-0.29592158
14.2,-0.9173937
14.4,1.2160417
14.6,0.080782387
14.8,-0.48676112
15,-0.78750674
15.2,1.3198232
15.4,0.46414333
15.6,1.9718068
15.8,11.251414
16,10.440167
16.2,4.208376
16.4,11.163838
16.6,18.735064
16.8,4.7309833
17,5.3465099
17.2,18.120571
17.4,10.922556
17.6,1.9185592
17.8,4.8510872
18,20.720803
18.2,9.0107743
18.4,1.4277338
18.6,4.3114063
18.8,16.858166
19,3.8790794
19.2,0.21383719
19.4,0.43727751
19.6,1.0826127
19.8,-1.6135099
20,-1.3406288
20.2,-5.2896186
20.4,-16.375694
20.6,-4.1065205
20.8,-2.1188085
21,-8.7517069
21.2,-23.661484
21.4,-3.7640127
21.6,-2.1607591
21.8,-8.890257
22,-13.509226
22.2,-1.0402015
22.4,-0.14071644
22.6,-0.67591862
22.8,-0.1752222
23,1.5494979
23.2,3.2154378
23.4,11.64797
23.6,9.2540732
23.8,1.2457318
24,1.7116727
24.2,8.771574
24.4,13.193634
24.6,3.0588676
24.8,7.1326983
25,21.162814
25.2,7.133638
25.4,1.9212494
25.6,6.9286127
25.8,23.983619
26,5.422696
26.2,1.6253498
26.4,6.2382971
26.6,17.293399
26.8,1.9827197
27,0.17248043
27.2,0.64059996
27.4,0.26640104
27.6,-1.2742104
27.8,-1.8268616
28,-7.7482931
28.2,-14.23653
28.4,-2.4134463
28.6,-2.6169492
28.8,-11.973438
29,-19.518635
29.2,-2.4153413
29.4,-3.1655393
29.6,-12.900289
29.8,-7.7501112
30,-0.46128845
30.2,-0.09816956
30.4,-0.57094667
30.6,-0.81795705
30.8,2.1799373
31,4.5397868
31.2,12.631637
31.4,7.5105772
31.6,2.7033613
31.8,7.3686393
32,13.845417
32.2,3.1998741
32.4,2.1204292
32.6,8.7366117
32.8,12.932367
33,1.9847626
33.2,2.23431
33.4,10.817577
33.6,21.471277
33.8,2.8758749
34,3.9827956
34.2,14.083846
34.4,6.2815622
34.6,0.79337899
34.8,2.2102603
35,11.586774
35.2,9.4656774
35.4,0.51126559
35.6,0.45940836
35.8,0.73723652
36,-1.1331812
36.2,-0.011640033
36.4,0.50467233
36.6,0.84791775
36.8,-1.4977317
37,-1.589768
37.2,-6.4403228
37.4,-15.663246
37.6,-3.1345846
37.8,-2.0781418
38,-9.2017404
38.2,-23.487549
38.4,-3.4445593
38.6,-2.874268
38.8,-11.273164
39,-9.7918662
39.2,-0.76283853
39.4,-0.025321132
39.6,-0.046055957
39.8,-0.35810804
40,-1.7810194
40.2,3.2677927
40.4,5.9125499
40.6,11.316298
40.8,7.698579
41,5.3516762
41.2,10.472302
41.4,9.1553479
41.6,4.7838564
41.8,8.9233483
42,11.030204
42.2,4.659224
42.4,6.9710837
42.6,12.640617
42.8,5.3866565
43,5.0344138
43.2,12.260452
43.4,7.5789497
43.6,3.5295117
43.8,8.9236979
44,11.806865
44.2,3.196223
44.4,4.604211
44.6,13.883116
44.8,6.4236742
45,1.6467954
45.2,5.1529491
45.4,16.050551
45.6,4.3815039
45.8,1.2097194
46,4.9463142
46.2,23.160549
46.4,7.5239874
46.6,2.9215638
46.8,9.2831329
47,12.408144
47.2,1.8213834
47.4,2.4104805
47.6,10.778823
47.8,10.573632
48,0.63657495
48.2,0.19564011
48.4,0.98151357
48.6,-1.1731271
48.8,-1.2170557
49,-3.4240112
49.2,-13.286865
49.4,-7.7733765
49.6,-0.79601297
49.8,-1.0527068
50,-6.1025711
50.2,-27.282346
50.4,-5.4946787
50.6,-5.3524924
50.8,-13.162137
51,-6.4611205
51.2,-3.4488334
51.4,-9.7101089
51.6,-11.383582
51.8,-2.6256483
52,-4.9324714
52.2,-15.02062
52.4,-4.9118238
52.6,-1.5180905
52.8,-5.5906051
53,-17.25746
53.2,-2.6614423
53.4,-0.14279563
53.6,-0.34943844
53.8,-1.3696555
54,2.021575
54.2,2.3836509
54.4,7.9826668
54.6,13.339297
54.8,2.6779665
55,1.8113907
55.2,7.9823669
55.4,14.041798
55.6,2.4545422
55.8,3.8054357
56,16.129542
56.2,13.643807
56.4,1.3880688
56.6,1.8597616
56.8,9.4791791
57,12.745352
57.2,0.72472315
57.4,0.37542097
57.6,0.96286803
57.8,-1.2981001
58,-0.091320549
58.2,0.35195757
58.4,1.2647025
58.6,-1.8070772
58.8,-1.5449139
59,-5.6609159
59.2,-15.844085
59.4,-3.9004532
59.6,-0.78947861
59.8,-3.2650797
60,-18.548825
60.2,-11.474076
60.4,-3.4028401
60.6,-8.8965779
60.8,-12.503841
61,-2.7448972
61.2,-4.3052738
61.4,-14.234694
61.6,-5.9676156
61.8,-1.2898955
62,-4.3023153
62.2,-16.707399
62.4,-3.9754905
62.6,-0.20809114
62.8,-0.38259328
63,-1.2380844
63.2,1.7785376
63.4,1.5855923
63.6,5.8917309
63.8,15.775141
64,3.6670673
64.2,0.86183328
64.4,3.675213
64.6,20.219405
64.8,10.048902
65,3.4106285
65.2,9.3547413
65.4,11.961517
65.6,2.522297
65.8,4.3222472
66,14.531766
66.2,5.6873785
66.4,1.0812865
66.6,3.6514682
66.8,15.951009
67,4.8115505
67.2,0.26714499
67.4,0.47689295
67.6,0.87302247
67.8,-1.3800793
68,-0.55167939
68.2,-2.3178125
68.4,-12.569059
68.6,-9.1822721
68.8,-3.9869594
69,-11.3342
69.2,-18.844851
69.4,-4.2227386
69.6,-4.5340277
69.8,-16.982765
70,-12.425013
70.2,-1.3971608
70.4,-1.5834059
70.6,-8.6129817
70.8,-25.170513
71,-3.908512
71.2,-5.0826227
71.4,-14.181089
71.6,-5.6264495
71.8,-2.3649196
72,-7.8524804
72.2,-14.480265
72.4,-2.0862874
72.6,-1.4334887
72.8,-6.6951936
73,-17.212568
73.2,-1.5131955
73.4,-0.24268617
73.6,-0.93564413
73.8,1.0630062
74,0.49815181
74.2,-0.0037921137
74.4,-0.13881536
74.6,-1.0058775
74.8,1.3368894
75,3.500145
75.2,8.0314563
75.4,11.871676
75.6,4.8539377
75.8,6.0668945
76,12.8295
76.2,6.1601447
76.4,4.2760448
76.6,11.056823
76.8,9.2374253
77,3.149641
77.2,6.92361
77.4,13.812862
77.6,3.9932563
77.8,3.0236635
78,10.726775
78.2,10.268862
78.4,1.4701756
78.6,1.6077256
78.8,8.0769646
79,14.123402
79.2,3.0434062
79.4,6.47362
79.6,20.607002
79.8,8.084014
80,1.678695
80.2,5.5541571
80.4,22.847105
80.6,7.1940093
80.8,1.8126766
81,6.2566019
81.2,16.882993
81.4,2.239231
81.6,0.1187868
81.8,0.31163195
82,1.4194498
82.2,-2.1518211
82.4,-2.7000192
82.6,-8.4385697
82.8,-12.614063
83,-2.8271693
83.2,-3.0505353
83.4,-11.789477
83.6,-9.2520678
83.8,-1.0237292
84,-0.05249895
84.2,-0.16820285
84.4,-1.2585817
84.6,-10.648885
84.8,-22.637122
85,-5.8413209
85.2,-9.1720456
85.4,-10.230422
85.6,-5.6966078
85.8,-8.3158871
86,-11.110999
86.2,-5.7664583
86.4,-7.3698487
86.6,-11.753573
86.8,-6.1413928
87,-6.3926847
87.2,-11.861911
87.4,-6.9585073
87.6,-5.4706718
87.8,-11.187976
88,-8.3873916
88.2,-4.7117852
88.4,-9.7100316
88.6,-10.506857
88.8,-4.2898042
89,-7.6960444
89.2,-12.768276
89.4,-4.5380196
89.6,-5.5728745
89.8,-13.285175
90,-6.1163805
90.2,-3.7458438
90.4,-10.434269
90.6,-10.336732
90.8,-2.7151949
91,-5.8178705
91.2,-15.222601
91.4,-4.0605686
91.6,-2.1252211
91.8,-8.0722205
92,-14.523996
92.2,-1.5802953
92.4,-0.10201875
92.6,-0.40984274
92.8,-2.8365878
93,-18.528042
93.2,-3.7416259
93.4,-0.39863156
93.6,-0.53790735
93.8,0.614099
94,0.032681594
94.2,-0.57060812
94.4,0.47061168
94.6,0.22683697
94.8,-0.48367407
95,0.021758977
95.2,0.49986613
95.4,-0.30684108
95.6,-0.56748704
95.8,0.83383415
96,-0.078986381
96.2,-0.76934176
96.4,0.80597744
96.6,0.24248226
96.8,-0.47054334
97,-0.49313883
97.2,0.93716511
97.4,-0.072316668
97.6,-0.79163349
97.8,0.55255613
98,0.69574377
98.2,0.016127114
98.4,-0.073316789
98.6,-0.5588472
98.8,-1.0415756
99,3.1340302
99.2,6.426302
99.4,12.159365
99.6,6.442187
99.8,5.2272948
100,11.481458
100.2,8.2194658
100.4,4.2130597
100.6,9.2897763
100.8,11.032271
101,3.8653459
101.2,6.3125673
101.4,13.546447
101.6,5.1235427
101.8,3.6308215
102,11.028408
102.2,9.6336579
102.4,2.196497
102.6,4.5106527
102.8,14.887144
103,5.7467628
103.2,0.53359771
103.4,1.1301029
103.6,6.7218678
103.8,16.394151
104,4.4352201
104.2,8.9116339
104.4,19.468268
104.6,7.052741
104.8,5.2542178
105,15.929218
105.2,13.18442
105.4,3.1474825
105.6,7.1055629
105.8,21.840384
106,6.6104019
106.2,1.1322316
106.4,4.0634232
106.6,20.42134
106.8,9.6808787
107,2.6871786
107.2,7.9385277
107.4,14.234479
107.6,2.2603701
107.8,2.0049702
108,8.8764431
108.2,13.578393
108.4,0.98409178
108.6,0.17630243
108.8,0.84148534
109,-0.64367946
109.2,-1.1790446
109.4,-2.756631
109.6,-11.338004
109.8,-9.8232517
110,-1.2264845
110.2,-1.7512418
110.4,-9.3914648
110.6,-24.043307
110.8,-3.6018935
111,-5.1482141
111.2,-14.466927
111.4,-5.3133522
111.6,-2.2141149
111.8,-7.6101872
112,-14.91839
112.2,-2.0266626
112.4,-0.9095927
112.6,-4.3927498
112.8,-18.605583
113,-2.8522156
113.2,-0.28939717
113.4,-0.83291996
113.6,0.81386434
113.8,0.39088056
114,-0.24066249
114.2,-1.1288887
114.4,1.5474838
114.6,0.5356558
114.8,1.4559017
115,7.7947688
115.2,14.617577
115.4,3.5013946
115.6,7.5813665
115.8,20.651668
116,7.1900806
116.2,2.9394327
116.4,10.347359
116.6,21.057851
116.8,3.3328936
117,0.22362235
117.2,0.76844036
117.4,5.211087
117.6,28.015133
117.8,6.3824755
118,6.2787529
118.2,12.504292
118.4,6.4348662
118.6,4.926595
118.8,11.398116
119,8.5265501
119.2,3.9470034
119.4,8.9427875
119.6,11.883282
119.8,3.6379746
120,5.9723103
120.2,14.184736
120.4,4.9042033
120.6,3.390042
120.8,10.726747
121,10.195309
121.2,2.0025719
121.4,4.3137936
121.6,15.254599
121.8,5.0648269
122,0.50482349
122.2,1.3882933
122.4,8.0795792
122.6,15.442043
122.8,0.90531695
123,0.43673971
123.2,0.61930927
123.4,-0.94582688
123.6,0.065753365
123.8,0.80727546
124,-0.73655106
124.2,-0.43406633
124.4,0.21113126
124.6,1.0947384
124.8,-1.4833245
125,-0.65877042
125.2,-1.8029542
125.4,-9.1448411
125.6,-12.683875
125.8,-2.9185794
126,-6.9955952
126.2,-21.326328
126.4,-7.1135686
126.6,-1.594807
126.8,-5.7077398
127,-23.398476
127.2,-6.7838249
127.4,-2.060223
127.6,-7.2122605
127.8,-15.762472
128,-1.8577017
128.2,-0.073850624
128.4,-0.11880106
128.6,-0.82775549
128.8,0.4957143
129,2.9197282
129.2,6.853429
129.4,12.825851
129.6,5.25168
129.8,4.7703602
130,12.219953
130.2,7.7993731
130.4,3.197797
130.6,8.1754132
130.8,12.748945
131,3.2133728
131.2,3.5711153
131.4,12.539742
131.6,8.2784315
131.8,1.1286274
132,2.0992758
132.2,10.608637
132.4,10.928073
132.6,2.8778789
132.8,7.7678885
133,21.865138
133.2,5.9956477
133.4,1.5354283
133.6,5.9857676
133.8,24.103945
134,6.2205215
134.2,2.3726758
134.4,8.3879004
134.6,14.02408
134.8,1.54136
135,0.35695021
135.2,1.8644775
135.4,11.813731
135.6,9.0747855
135.8,0.5363468
136,0.59543449
136.2,-0.16370479
136.4,-0.4905395
136.6,0.32119862
136.8,0.70970585
137,-0.99135228
137.2,0.023862079
137.4,0.75097186
137.6,-0.54384047
137.8,-0.49923459
138,0.20162311
138.2,1.0647333
138.4,-1.4124095
138.6,-0.54167831
138.8,-1.1090476
139,-5.9260122
139.2,-17.167759
139.4,-4.0650797
139.6,-6.8749328
139.8,-19.447832
140,-8.8057835
140.2,-3.2778405
140.4,-10.320315
140.6,-20.694462
140.8,-3.7410828
141,-1.5876129
141.2,-7.2196437
141.4,-25.280235
141.6,-4.6940449
141.8,-3.1929134
142,-11.253387
142.2,-9.704764
142.4,-1.188824
142.6,-2.0496563
142.8,-10.155411
143,-11.590792
143.2,-0.65155573
143.4,-0.33700668
143.6,-1.0807805
143.8,1.4554073
144,0.18867605
144.2,-0.081663499
144.4,-0.59413843
144.6,-0.74086599
144.8,2.3929548
145,5.1688574
145.2,12.887997
145.4,6.8096949
145.6,3.3511925
145.8,9.2261408
146,11.610961
146.2,2.8015581
146.4,4.0990411
146.6,13.761158
146.8,6.9184503
147,1.0161844
147.2,2.6133484
147.4,12.817584
147.6,8.7511755
147.8,2.9364101
148,8.9646822
148.2,21.817022
148.4,4.6824403
148.6,1.387859
148.8,5.9391687
149,24.648606
149.2,6.0509339
149.4,2.9123182
149.6,9.9007277
149.8,11.602707
150,1.4728701
150.2,1.9037373
150.4,9.1904019
150.6,13.17546
150.8,0.80887596
151,0.28487797
151.2,1.0869962
151.4,-1.4560355
151.6,-0.34899577
151.8,-0.14611056
152,-0.82877256
152.2,-6.0616717
152.4,-17.865581
152.6,-6.0685681
152.8,-11.085715
153,-16.755943
153.2,-7.5692026
153.4,-9.0383214
153.6,-17.62688
153.8,-8.8890988
154,-7.0986382
154.2,-16.331356
154.4,-11.712028
154.6,-5.6068232
154.8,-12.75221
155,-16.39753
155.2,-5.1816438
155.4,-8.2503938
155.6,-19.824003
155.8,-7.3458702
156,-4.4403794
156.2,-14.172962
156.4,-15.5604
156.6,-2.8710746
156.8,-4.6112656
157,-18.643876
157.2,-10.797338
157.4,-0.96621421
157.6,-1.2148498
157.8,-6.7839109
158,-17.812244
158.2,-1.2099834
158.4,-0.38780015
158.6,-0.76947845
158.8,1.0375233
159,0.0070666753
159.2,-0.70313387
159.4,0.324422
159.6,0.61459734
159.8,-0.13835613
160,-0.92233784
160.2,0.98685373
160.4,0.87454382
160.6,1.9281761
160.8,9.0486933
161,12.70422
161.2,2.3713847
161.4,5.0488126
161.6,19.554972
161.8,9.8079719
162,0.81047554
162.2,0.61382982
162.4,3.5602879
162.6,19.217816
162.8,3.1097791
163,0.36831764
163.2,0.70646114
163.4,-0.80815741
163.6,-0.10140729
163.8,0.6148785
164,-0.25845002
164.2,-0.48393759
164.4,0.31606248
164.6,0.81789149
164.8,-1.1078955
165,-0.025541232
165.2,0.64150027
165.4,0.02798526
165.6,-0.84307788
165.8,0.020423826
166,0.40840024
166.2,1.333713
166.4,-2.0669845
166.6,-3.0534443
166.8,-9.8734577
167,-11.019906
167.2,-2.2492318
167.4,-3.418119
167.6,-13.222495
167.8,-7.8352695
168,-0.80032446
168.2,-0.9921872
168.4,-5.749311
168.6,-27.098475
168.8,-5.8059905
169,-5.2827839
169.2,-12.971394
169.4,-6.7037015
169.6,-3.4766342
169.8,-9.5878696
170,-11.508346
170.2,-2.7259966
170.4,-5.0265739
170.6,-14.957871
170.8,-4.9058597
171,-1.693758
171.2,-6.1977894
171.4,-16.805045
171.6,-2.3504456
171.8,-0.10733809
172,-0.21402811
172.2,-1.2574144
172.4,1.9926993
172.6,2.7543882
172.8,7.6919439
173,13.025634
173.2,3.7345973
173.4,3.8916353
173.6,12.591988
173.8,8.0282516
174,1.6011901
174.2,3.9826915
174.4,15.131806
174.6,6.1021643
174.8,1.2926064
175,4.6066923
175.2,21.548341
175.4,8.629074
175.6,2.3716961
175.8,7.4692758
176,15.085354
176.2,2.1168048
176.4,0.94363007
176.6,4.5117341
176.8,18.614065
177,2.7689769
177.2,0.28289751
177.4,0.83527407
177.6,-0.80734755
177.8,-0.41124638
178,0.2120873
178.2,1.1030117
178.4,-1.5040706
178.6,-0.73028859
178.8,-2.1264881
179,-10.414918
179.2,-11.099078
179.4,-2.5659879
179.6,-6.7506646
179.8,-21.848557
180,-6.9119044
180.2,-0.78941465
180.4,-2.3806761
180.6,-13.733212
180.8,-17.102437
181,-3.239236
181.2,-7.1046351
181.4,-14.375263
181.6,-3.5104741
181.8,-3.348503
182,-11.77517
182.2,-8.9575297
182.4,-1.3224188
182.6,-2.9563733
182.8,-13.341579
183,-7.3039703
183.2,-0.37520158
183.4,-0.29832105
183.6,-1.2199336
183.8,1.7239024
184,0.99705269
184.2,3.5115044
184.4,14.635194
184.6,6.8312998
184.8,1.8894293
185,6.5554914
185.2,23.547899
185.4,5.9911552
185.6,1.3895088
185.8,5.1531634
186,17.901849
186.2,2.6584033
186.4,0.20613797
186.6,0.65464677
186.8,0.1312363
187,-1.0652892
187.2,-0.83437386
187.4,-3.8461561
187.6,-16.850417
187.8,-5.6669728
188,-4.5660054
188.2,-14.792858
188.4,-14.776757
188.6,-2.7433815
188.8,-4.8640085
189,-19.407611
189.2,-10.016032
189.4,-0.87945729
189.6,-1.2639361
189.8,-7.1405934
190,-17.2067
190.2,-1.1082974
190.4,-0.40182083
190.6,-0.7294571
190.8,1.0121629
191,-0.016663766
191.2,-0.73793819
191.4,0.47002166
191.6,0.54944686
191.8,-0.1639032
192,-0.99226709
192.2,1.2177144
192.4,0.77429025
192.6,1.8310779
192.8,8.9012741
193,12.94648
193.2,2.6323859
193.4,5.8796133
193.6,20.593913
193.8,8.4895127
194,0.89408413
194.2,2.001111
194.4,11.444251
194.6,20.786091
194.8,3.3635118
195,6.3049996
195.2,14.674474
195.4,4.1559309
195.6,3.0045153
195.8,10.46159
196,10.736171
196.2,1.5123692
196.4,2.5811778
196.6,11.770027
196.8,9.1995268
197,0.502908
197.2,0.2504344
197.4,1.1423927
197.6,-1.5981891
197.8,-0.98720857
198,-3.1728485
198.2,-13.512613
198.4,-7.8148852
198.6,-1.6043939
198.8,-5.0681401
199,-21.630754
199.2,-8.2706304
199.4,-1.6613449
199.6,-5.3818433
199.8,-17.268488
200,-2.8531093
200.2,-0.14969036
200.4,-0.34203034
200.6,-1.3665829
200.8,2.0126286
201,2.2999101
201.2,7.7231769
201.4,13.64358
201.6,2.7847677
201.8,1.6279408
202,7.191354
202.2,15.104961
202.4,2.8165564
202.6,3.9739395
202.8,16.143653
203,13.561997
203.2,1.3268255
203.4,0.8680558
203.6,4.6700024
203.8,19.772794
204,2.2204567
204.2,0.34558914
204.4,0.81104839
204.6,-0.9806194
204.8,-0.11546014
205,0.58709252
205.2,0.075746616
205.4,-0.73952621
205.6,0.13697748
205.8,0.92636363
206,-1.0352337
206.2,-0.54694996
206.4,-0.10533157
206.6,-0.53813103
206.8,-3.8411645
207,-19.549706
207.2,-6.51025
207.4,-9.3753298
207.6,-17.090287
207.8,-9.1017805
208,-7.8047609
208.2,-16.406432
208.4,-11.162772
208.6,-6.4542489
208.8,-14.03491
209,-14.515854
209.2,-5.7142723
209.4,-10.534439
209.6,-18.347977
209.8,-6.3146086
210,-6.9395974
210.2,-18.430152
210.4,-9.7091018
210.6,-4.1723146
210.8,-11.887492
211,-18.313718
211.2,-3.8129385
211.4,-4.3723407
211.6,-16.993601
211.8,-12.484275
212,-1.2385278
212.2,-0.37833044
212.4,-2.1451481
212.6,-14.832036
212.8,-15.589805
213,-4.5783124
213.2,-9.4613878
213.4,-10.962484
213.6,-4.0939618
213.8,-7.1620583
214,-13.314728
214.2,-4.5880248
214.4,-4.8925951
214.6,-12.939091
214.8,-6.916905
215,-3.1020962
215.2,-8.7693614
215.4,-12.743187
215.6,-2.6051618
215.8,-3.8808981
216,-13.749591
216.2,-6.6179275
216.4,-0.95868664
216.6,-2.7531962
216.8,-13.425912
217,-7.2409744
217.2,-0.38702871
217.4,-0.44690789
217.6,-0.88254152
217.8,1.3051753
218,0.086402589
218.2,-0.11404963
218.4,-0.79483427
218.6,0.33340755
218.8,2.5678326
219,6.1833479
219.2,13.314522
219.4,5.4744879
219.6,3.8813584
219.8,11.127938
220,9.3950521
220.2,2.5277235
220.4,5.5175232
220.6,14.91215
220.8,4.708805
221,1.3103813
221.2,4.905215
221.4,16.662677
221.6,4.4516601
221.8,2.8473536
222,11.137679
222.2,20.339785
222.4,2.7238324
222.6,0.89435159
222.8,4.1843095
223,18.764265
223.2,2.9179583
223.4,0.31104746
223.6,0.83351354
223.8,-0.8774661
224,-0.30059194
224.2,0.35629587
224.4,0.99334452
224.6,-1.3644449
224.8,-0.10652254
225,0.19139186
225.2,1.1475742
225.4,-1.6994917
225.6,-2.2272873
225.8,-6.4218579
226,-14.206359
226.2,-4.250676
226.4,-2.5380117
226.6,-9.2784067
226.8,-12.054575
227,-1.7773712
227.2,-0.47994725
227.4,-2.4101699
227.6,-14.210567
227.8,-8.2982555
228,-5.6164454
228.2,-14.561101
228.4,-14.359662
228.6,-4.6389476
228.8,-9.2887252
229,-20.046933
229.2,-6.0006864
229.4,-4.5352738
229.6,-15.427762
229.8,-14.090054
230,-2.2870524
230.2,-3.9683269
230.4,-17.63006
230.6,-12.014634
230.8,-1.4473673
231,-3.280308
231.2,-14.54785
231.4,-6.0711335
231.6,-0.31179673
231.8,-0.36624069
232,-1.1829843
232.2,1.6543253
232.4,0.86289446
232.6,3.2965814
232.8,14.747403
233,6.9917762
233.2,2.747053
233.4,9.3064693
233.6,22.05011
233.8,4.0299204
234,0.34504771
234.2,1.2706043
234.4,8.3139755
234.6,26.513895
234.8,4.623257
235,6.9212361
235.2,13.249266
235.4,5.0038211
235.6,4.8723922
235.8,12.556989
236,7.3237005
236.2,3.3017684
236.4,8.8676427
236.6,12.468841
236.8,2.8329245
237,4.4744447
237.2,14.33785
237.4,5.7870345
237.6,1.4720525
237.8,5.0240893
238,17.088042
238.2,3.249668
238.4,0.15803592
238.6,0.28738568
238.8,1.3573662
239,-2.0436701
239.2,-2.2640562
239.4,-7.2491192
239.6,-13.986719
239.8,-3.2281748
240,-1.9591539
240.2,-8.1530521
240.4,-13.715618
240.6,-2.24121
240.8,-2.625976
241,-12.191391
241.2,-19.211827
241.4,-2.391432
241.6,-3.4040006
241.8,-13.498577
242,-7.0526322
242.2,-0.43398785
242.4,-0.057723992
242.6,-0.32673575
242.8,-1.6014706
243,2.6197351
243.2,4.2953541
243.4,10.853185
243.6,9.259717
243.8,3.6421757
244,7.6932817
244.2,12.867616
244.4,3.9924245
244.6,4.3335649
244.8,12.912298
245,7.4546223
245.2,2.0723833
245.4,5.7926424
245.6,15.415622
245.8,4.001157
246,0.42084764
246.2,1.4451348
246.4,8.8436296
246.6,13.292441
246.8,4.5831452
247,10.64165
247.2,18.64992
247.4,5.7647431
247.6,6.3344388
247.8,18.447044
248,10.071287
248.2,3.2855633
248.4,9.5307018
248.6,21.309502
248.8,4.3598931
249,1.770321
249.2,7.6989116
249.4,24.776644
249.6,4.3902916
249.8,2.7504605
250,10.342659
250.2,11.087382
250.4,1.0242631
250.6,0.44846026
250.8,2.4673078
251,15.054252
251.2,5.7646316
251.4,0.41585568
251.6,0.67842628
251.8,-0.52164454
252,-0.32379835
252.2,0.43194612
252.4,0.45109019
252.6,-0.84741539
252.8,0.12094923
253,0.87449344
253.2,-0.9764033
253.4,-0.31246548
253.6,0.28461806
253.8,1.1550395
254,-1.588146
254.2,-0.46565647
254.4,-1.3988854
254.6,-7.7393715
254.8,-14.749005
255,-3.748817
255.2,-8.185709
255.4,-20.43428
255.6,-6.8353275
255.8,-3.6726567
256,-12.699562
256.2,-17.764367
256.4,-2.6560558
256.6,-1.9694989
256.8,-9.5246072
257,-23.384975
257.2,-3.3208273
257.4,-3.7682311
257.6,-13.329732
257.8,-7.1127181
258,-0.93577726
258.2,-2.4215403
258.4,-12.166525
258.6,-8.7068406
258.8,-0.46473799
259,-0.42707835
259.2,-0.90542504
259.4,1.2953827
259.6,0.075286063
259.8,-0.2280932
260,-1.2706908
260.2,1.9591211
260.4,2.3278353
260.6,6.9775866
260.8,13.973796
261,3.6982542
261.2,2.5496451
261.4,9.7195971
261.6,11.574664
261.8,1.581263
262,0.070575111
262.2,0.087876627
262.4,0.63426982
262.6,5.3867784
262.8,30.470101
263,6.7585236
263.2,7.7026787
263.4,11.131576
263.6,6.5260205
263.8,6.9646875
264,11.332077
264.2,7.0226691
264.4,6.2709304
264.6,11.1411
264.8,7.8337984
265,5.6396376
265.2,10.485193
265.4,9.0173023
265.6,5.1418964
265.8,9.3837972
266,10.535126
266.2,4.8864715
266.4,7.9612003
266.6,12.060294
266.8,5.0536462
267,6.4102696
267.2,12.791357
267.4,5.9470605
267.6,4.9415283
267.8,11.806165
268,8.0766507
268.2,3.7851534
268.4,9.0751701
268.6,11.864022
268.8,3.3789668
269,5.7112531
269.2,14.449636
269.4,4.8682252
269.6,2.9089336
269.8,9.719313
270,11.741564
270.2,1.7845041
270.4,2.7629032
270.6,12.015144
270.8,8.8576275
271,0.50838532
271.2,0.16889987
271.4,0.91509284
271.6,-0.92420208
271.8,-1.5646464
272,-4.2543496
272.2,-13.983597
272.4,-6.6094636
272.6,-1.0765221
272.8,-3.0325489
273,-14.072891
273.2,-7.6070047
273.4,-2.7906707
273.6,-9.1179499
273.8,-22.047872
274,-4.2850879
274.2,-0.67011281
274.4,-2.8569427
274.6,-16.896872
274.8,-13.113827
275,-3.5339288
275.2,-8.6727189
275.4,-12.64388
275.6,-3.0425437
275.8,-4.6328112
276,-14.262961
276.2,-5.7711781
276.4,-1.7714213
276.6,-6.0221372
276.8,-16.676592
277,-2.6395317
277.2,-0.11350455
277.4,-0.03358968
277.6,-0.23106725
277.8,-1.5428033
278,2.7961653
278.2,4.7671618
278.4,10.228581
278.6,9.4419101
278.8,4.7533834
279,8.6341191
279.2,11.315306
279.4,4.7311147
279.6,6.6885281
279.8,12.729121
280,5.6197867
280.2,4.8155488
280.4,11.949221
280.6,8.0311224
280.8,3.4244284
281,8.38926
281.2,12.394366
281.4,3.3567648
281.6,4.1995506
281.8,13.339074
282,7.1826613
282.2,1.5237152
282.4,4.2839796
282.6,15.675218
282.8,5.5108687
283,1.4933874
283.2,5.6483375
283.4,23.569578
283.6,6.7556
283.8,2.2780803
284,7.8915709
284.2,14.740419
284.4,1.7105322
284.6,0.28173767
284.8,1.4387655
285,9.379762
285.2,12.957868
285.4,0.72087828
285.6,0.52594906
285.8,0.08592008
286,-0.58607355
286.2,0.26080854
286.4,0.73469017
286.6,-0.96805425
286.8,-0.011110655
287,0.71120701
287.2,-0.45934574
287.4,-0.48501168
287.6,0.25578202
287.8,1.0560825
288,-1.4027895
288.2,-0.20889514
288.4,0.13550028
288.6,0.8936821
288.8,-0.82670894
289,-2.0043895
289.2,-5.3010555
289.4,-14.105452
289.6,-5.6011067
289.8,-2.2681058
290,-7.5824104
290.2,-14.03119
290.4,-2.6040668
290.6,-0.54047651
290.8,-2.4624391
291,-13.965815
291.2,-8.3082269
291.4,-5.0529902
291.6,-13.786632
291.8,-15.536427
292,-4.2226499
292.2,-7.6295526
292.4,-20.735461
292.6,-7.0616315
292.8,-2.9038765
293,-10.315947
293.2,-21.131261
293.4,-3.3174098
293.6,-0.16296113
293.8,-0.074678743
294,-0.51732089
294.2,-4.2613779
294.4,-28.320594
294.6,-7.5664512
294.8,-7.1602679
295,-11.282506
295.2,-6.9296071
295.4,-6.4303217
295.6,-11.183659
295.8,-7.6571484
296,-5.7944331
296.2,-10.643424
296.4,-8.7342751
296.6,-5.2711464
296.8,-9.6599543
297,-10.155459
297.2,-4.9546494
297.4,-8.3293925
297.6,-11.692827
297.8,-4.9980798
298,-6.8237059
298.2,-12.694871
298.4,-5.6564766
298.6,-5.3429499
298.8,-12.237216
299,-7.3577398
299.2,-4.0964636
299.4,-9.9755288
299.6,-10.639762
299.8,-3.415373
300,-6.724879
